gene_1	887
gene_2	2003.5
gene_3	1636.667
gene_4	1468.062
gene_5	2482.667
gene_6	1127
gene_7	3393
gene_8	1837.667
gene_9	1548.9
gene_10	2697.955
gene_11	1488.4
gene_12	2318.833
gene_13	677.25
gene_14	1177.167
gene_15	2115.333
gene_16	1891.091
gene_17	2495.7
gene_18	1656.909
gene_19	1143.462
gene_20	1642
gene_21	908.7333
gene_22	2244
gene_23	952
gene_24	2697.2
gene_25	2503.25
gene_26	879
gene_27	1602.727
gene_28	5060
gene_29	1718.143
gene_30	1199.429
gene_31	2490.333
gene_32	1294.625
gene_33	2479.125
gene_34	1291.333
gene_35	1025.167
gene_36	2486.333
gene_37	1295
gene_38	1833.333
gene_39	3101.5
gene_40	6158.667
gene_41	837
gene_42	1022
gene_43	1795.571
gene_44	2273.5
gene_45	1565.267
gene_46	1960
gene_47	1021.846
gene_48	1289.714
gene_49	2488.333
gene_50	2165
gene_51	3774
gene_52	3309
gene_53	892.5
gene_54	2427.909
gene_55	4419.333
gene_56	3432.778
gene_57	2700.5
gene_58	1143.875
gene_59	1360.067
gene_60	1467.5
gene_61	2598
gene_62	796
gene_63	2641
gene_64	2967
gene_65	2224
gene_66	1990
gene_67	1264.5
gene_68	2690.5
gene_69	1730.5
gene_70	2047.2
gene_71	1674.231
gene_72	2287
gene_73	3999.429
gene_74	1120.056
gene_75	1415.182
gene_76	1268.364
gene_77	4947.25
gene_78	2074.333
gene_79	1812.75
gene_80	1825.3
gene_81	926.3846
gene_82	1730.786
gene_83	590.25
gene_84	859.2
gene_85	1195.818
gene_86	1131.333
gene_87	1267.875
gene_88	1073
gene_89	2575.5
gene_90	1304.8
gene_91	1827.2
gene_92	1595.364
gene_93	2156
gene_94	2424
gene_95	1024.8
gene_96	944
gene_97	1267.4
gene_98	587.3077
gene_99	1212.923
gene_100	2202
gene_101	2393
gene_102	868.25
gene_103	1458.5
gene_104	1179.2
gene_105	1908.8
gene_106	870.6667
gene_107	4017.333
gene_108	1445.3
gene_109	1401.933
gene_110	1103.5
gene_111	4083.2
gene_112	5950
gene_113	412.5
gene_114	2381
gene_115	2240.417
gene_116	2238.818
gene_117	604.5
gene_118	4776
gene_119	1581
gene_120	927.25
gene_121	4515.333
gene_122	1225.5
gene_123	928.8462
gene_124	1496.5
gene_125	1853.5
gene_126	1129.467
gene_127	1864.833
gene_128	1756.9
gene_129	1976
gene_130	1554.429
gene_131	2295
gene_132	2033.667
gene_133	883
gene_134	1597.833
gene_135	1127
gene_136	876
gene_137	880.5
gene_138	2023.625
gene_139	926.5625
gene_140	2941.4
gene_141	1636.056
gene_142	3665.5
gene_143	1935.333
gene_144	1001.556
gene_145	2143
gene_146	1930
gene_147	12744
gene_148	918.72
gene_149	9847
gene_150	1918.833
gene_151	2690.429
gene_152	2889.889
gene_153	547
gene_154	2393.571
gene_155	3548.273
gene_156	2140.833
gene_157	2026.6
gene_158	4641.5
gene_159	1358.667
gene_160	1434.75
gene_161	3452
gene_162	3469.5
gene_163	1506.75
gene_164	1431.217
gene_165	2534
gene_166	1334.143
gene_167	2830
gene_168	743.5263
gene_169	46
gene_170	757.5
gene_171	1336.5
gene_172	768.8
gene_173	601
gene_174	1502.2
gene_175	3588.5
gene_176	1876.571
gene_177	1928.714
gene_178	2303.857
gene_179	1287.5
gene_180	2011.571
gene_181	2241
gene_182	1386.4
gene_183	936.5
gene_184	938
gene_185	496.8333
gene_186	1483.818
gene_187	574
gene_188	1244.4
gene_189	1934.667
gene_190	3532.75
gene_191	2510
gene_192	1307.4
gene_193	1619.5
gene_194	2901.5
gene_195	2064
gene_196	1942.75
gene_197	4293
gene_198	1172.333
gene_199	1216.333
gene_200	1969
gene_201	900.6667
gene_202	1991
gene_203	1523.111
gene_204	2311.667
gene_205	1235.067
gene_206	2381
gene_207	860.9231
gene_208	783
gene_209	2304
gene_210	1357.667
gene_211	590
gene_212	1625.5
gene_213	4792.5
gene_214	669.5
gene_215	1639.444
gene_216	695.3
gene_217	1866.75
gene_218	1052
gene_219	1280.824
gene_220	3855
gene_221	1510.364
gene_222	1171.889
gene_223	2176.667
gene_224	1160.111
gene_225	1052.857
gene_226	2005.5
gene_227	4123.333
gene_228	428
gene_229	629
gene_230	2050.545
gene_231	3089.625
gene_232	1427.5
gene_233	2540.938
gene_234	515
gene_235	2102
gene_236	2832.312
gene_237	1928.625
gene_238	1428
gene_239	1715
gene_240	1553.8
gene_241	1260
gene_242	1452.667
gene_243	2137
gene_244	4848
gene_245	739.6667
gene_246	1912
gene_247	1415
gene_248	1197
gene_249	3589
gene_250	379
gene_251	1838
gene_252	3234.333
gene_253	3026.667
gene_254	2019.6
gene_255	5314.667
gene_256	529.875
gene_257	1345.5
gene_258	1126.094
gene_259	3522
gene_260	4781.667
gene_261	1386.625
gene_262	1139.278
gene_263	1576.75
gene_264	1066.467
gene_265	2038
gene_266	451
gene_267	2129
gene_268	2238.667
gene_269	1393.818
gene_270	3591.556
gene_271	1883
gene_272	1217.5
gene_273	1469
gene_274	1073.571
gene_275	3850.125
gene_276	1579.333
gene_277	1158.8
gene_278	1936.25
gene_279	1008.882
gene_280	512.5
gene_281	1102.5
gene_282	1463
gene_283	1237.444
gene_284	1447
gene_285	1947.182
gene_286	1772
gene_287	4941.455
gene_288	1180
gene_289	2388.5
gene_290	2345.444
gene_291	1129.25
gene_292	1470.8
gene_293	938
gene_294	738
gene_295	1652.833
gene_296	1846.5
gene_297	3555.4
gene_298	1056
gene_299	665
gene_300	1036
gene_301	1203.48
gene_302	1407.048
gene_303	3314.3
gene_304	1475.429
gene_305	2555.091
gene_306	649.6667
gene_307	1670
gene_308	951.0833
gene_309	1928.714
gene_310	1971
gene_311	998.1
gene_312	2267.429
gene_313	9907
gene_314	944
gene_315	5023.667
gene_316	673.5714
gene_317	867
gene_318	1881
gene_319	1797.5
gene_320	1627
gene_321	3023.2
gene_322	2635.143
gene_323	1405.769
gene_324	989.5
gene_325	2248.25
gene_326	1633
gene_327	1162
gene_328	780.2
gene_329	1970.333
gene_330	1372.5
gene_331	1530.833
gene_332	2990
gene_333	1191.5
gene_334	3163
gene_335	2259
gene_336	1426.125
gene_337	997.6667
gene_338	870
gene_339	3492.375
gene_340	1362.6
gene_341	6152.3
gene_342	1627.25
gene_343	1123
gene_344	2436.211
gene_345	1585.5
gene_346	1415.5
gene_347	1093.333
gene_348	1045.636
gene_349	1148.8
gene_350	1844.667
gene_351	2322.125
gene_352	1984.6
gene_353	1887.5
gene_354	944
gene_355	1127.071
gene_356	921.5
gene_357	1787
gene_358	1448.75
gene_359	1102.75
gene_360	1181.714
gene_361	7379
gene_362	2211.286
gene_363	1469
gene_364	641.5
gene_365	1549.333
gene_366	3443
gene_367	1016.636
gene_368	941
gene_369	2202
gene_370	2741.5
gene_371	2849.917
gene_372	1447.889
gene_373	3778
gene_374	2326.444
gene_375	2213
gene_376	1819.143
gene_377	2111.111
gene_378	1068
gene_379	2209.727
gene_380	902.5
gene_381	953
gene_382	2291.5
gene_383	818.8182
gene_384	1622
gene_385	1801.667
gene_386	2112
gene_387	1058.5
gene_388	1570.308
gene_389	1365
gene_390	908.9474
gene_391	2506.167
gene_392	1275.312
gene_393	1353.708
gene_394	2011.667
gene_395	1479
gene_396	1129.75
gene_397	1410.889
gene_398	1691.571
gene_399	2725.75
gene_400	1214
gene_401	1121
gene_402	2077.5
gene_403	4313.857
gene_404	967
gene_405	822.2667
gene_406	988.25
gene_407	1146
gene_408	1265.8
gene_409	3274.4
gene_410	3132.714
gene_411	5398
gene_412	1141
gene_413	1289.857
gene_414	1919
gene_415	1864.125
gene_416	4381.333
gene_417	1336.2
gene_418	1530
gene_419	648
gene_420	2549
gene_421	1266.571
gene_422	1734.75
gene_423	935
gene_424	11648.5
gene_425	2599.182
gene_426	649.8333
gene_427	1245.533
gene_428	3044.375
gene_429	1953
gene_430	1844
gene_431	1970.067
gene_432	1286.5
gene_433	2289.75
gene_434	2440.556
gene_435	1171.824
gene_436	1269
gene_437	2089.1
gene_438	975.125
gene_439	3260.571
gene_440	945.5
gene_441	3136
gene_442	2314.5
gene_443	549
gene_444	1640.444
gene_445	1604
gene_446	1025.935
gene_447	1815
gene_448	1447
gene_449	3224.5
gene_450	2159.5
gene_451	951
gene_452	1981.667
gene_453	2776
gene_454	3593
gene_455	1970.857
gene_456	1565.3
gene_457	2648
gene_458	770.5
gene_459	1066.263
gene_460	938
gene_461	1412.833
gene_462	1254.833
gene_463	1861.333
gene_464	2079
gene_465	1850.545
gene_466	2530.667
gene_467	997.5833
gene_468	2954.733
gene_469	1974.9
gene_470	1052.833
gene_471	1082
gene_472	3394.667
gene_473	976.5
gene_474	2686.4
gene_475	1755.333
gene_476	1042.867
gene_477	1064.238
gene_478	707
gene_479	3028.5
gene_480	1637.5
gene_481	4268.333
gene_482	710.4167
gene_483	1121
gene_484	1437.6
gene_485	2338
gene_486	1408.333
gene_487	1979.9
gene_488	1667.625
gene_489	2157.438
gene_490	1457
gene_491	4315
gene_492	3357.583
gene_493	2079.8
gene_494	918
gene_495	1192.278
gene_496	497
gene_497	817.2941
gene_498	1356.091
gene_499	1617.75
gene_500	387
gene_501	1169
gene_502	1628.083
gene_503	2127.6
gene_504	1683
gene_505	2746
gene_506	1337.5
gene_507	1885.25
gene_508	1592.467
gene_509	1254
gene_510	1299.333
gene_511	2275.467
gene_512	3305.333
gene_513	1344.05
gene_514	714.85
gene_515	1209
gene_516	574.4
gene_517	1247.4
gene_518	1879.714
gene_519	1535.8
gene_520	1592
gene_521	1028.2
gene_522	2258.143
gene_523	1504.25
gene_524	1368.077
gene_525	2461.6
gene_526	1293.667
gene_527	1173.143
gene_528	1079
gene_529	2548.25
gene_530	1678.667
gene_531	1967.625
gene_532	3058.667
gene_533	1320.8
gene_534	1019.545
gene_535	1987.929
gene_536	1955.333
gene_537	886.8
gene_538	1836
gene_539	2516.556
gene_540	2762
gene_541	1143.444
gene_542	1079
gene_543	1974.636
gene_544	1272
gene_545	1503.714
gene_546	1649.977
gene_547	1642.7
gene_548	961.4444
gene_549	1711.643
gene_550	991.125
gene_551	717
gene_552	1724.4
gene_553	6611
gene_554	1473.25
gene_555	1015.391
gene_556	1693.25
gene_557	3818.5
gene_558	1529.4
gene_559	1819.5
gene_560	2946
gene_561	1372.4
gene_562	3582.167
gene_563	856
gene_564	2608
gene_565	839.0857
gene_566	1539
gene_567	1431.667
gene_568	2286.167
gene_569	616
gene_570	374
gene_571	950.8667
gene_572	1964.286
gene_573	1152.2
gene_574	1023.091
gene_575	1718.143
gene_576	2749.4
gene_577	928.7273
gene_578	972.25
gene_579	3591.7
gene_580	2297.312
gene_581	1178.429
gene_582	2148.733
gene_583	1085.438
gene_584	1493.5
gene_585	1020
gene_586	3354.6
gene_587	945
gene_588	2400
gene_589	2413.333
gene_590	3742
gene_591	1739.571
gene_592	2670.333
gene_593	1266.667
gene_594	1834.714
gene_595	1197.667
gene_596	2294.812
gene_597	1351.333
gene_598	2994
gene_599	725.4286
gene_600	2378.727
gene_601	1011.667
gene_602	1070
gene_603	4126.5
gene_604	1051.2
gene_605	1146.429
gene_606	1143.286
gene_607	2869
gene_608	1872.167
gene_609	962.125
gene_610	1766.4
gene_611	669
gene_612	717
gene_613	2562
gene_614	579.8667
gene_615	791.75
gene_616	465.5
gene_617	1330.714
gene_618	2612.417
gene_619	2216
gene_620	3224
gene_621	2039.8
gene_622	1542.75
gene_623	594.5
gene_624	1237.778
gene_625	2107.1
gene_626	935
gene_627	1290.25
gene_628	1831.143
gene_629	2209.5
gene_630	3507.5
gene_631	2117
gene_632	697
gene_633	1037
gene_634	1453.1
gene_635	2872
gene_636	953
gene_637	2141
gene_638	5754
gene_639	5336
gene_640	1453.8
gene_641	1845.571
gene_642	5294.444
gene_643	2602.25
gene_644	1487.111
gene_645	956
gene_646	1250.8
gene_647	2487.667
gene_648	2116.111
gene_649	1953.833
gene_650	2195
gene_651	1393.357
gene_652	1440
gene_653	3590.429
gene_654	870.8889
gene_655	2438.714
gene_656	2134.5
gene_657	2838
gene_658	1950
gene_659	1416.364
gene_660	3175
gene_661	923
gene_662	948.1429
gene_663	1285.556
gene_664	1730.75
gene_665	1120.65
gene_666	2988.833
gene_667	1278
gene_668	3132
gene_669	2532.8
gene_670	1404
gene_671	1708
gene_672	3632.333
gene_673	2938.727
gene_674	1559.2
gene_675	2705.333
gene_676	2565.833
gene_677	3070
gene_678	2603.273
gene_679	1104
gene_680	2215.25
gene_681	1900.25
gene_682	1133.583
gene_683	2841.2
gene_684	1543.955
gene_685	5665
gene_686	881
gene_687	1053
gene_688	2083.667
gene_689	867.6667
gene_690	2948.5
gene_691	763
gene_692	2602
gene_693	2000
gene_694	736
gene_695	4115
gene_696	1292.308
gene_697	571.4
gene_698	1273.947
gene_699	1031.625
gene_700	410
gene_701	2710.857
gene_702	1075
gene_703	2624.286
gene_704	1802.5
gene_705	1152.333
gene_706	1791.8
gene_707	1599.143
gene_708	650
gene_709	2534
gene_710	1646.923
gene_711	1187.2
gene_712	1145.3
gene_713	1053
gene_714	846.4
gene_715	2615.714
gene_716	1042.625
gene_717	3572.5
gene_718	1833.5
gene_719	2037.8
gene_720	1976.857
gene_721	1278.4
gene_722	52
gene_723	2343
gene_724	648.0667
gene_725	1944.667
gene_726	1319.75
gene_727	1231
gene_728	1061.4
gene_729	910
gene_730	944.3333
gene_731	1570
gene_732	2828
gene_733	2276.25
gene_734	1741.333
gene_735	1684.875
gene_736	794.4286
gene_737	955
gene_738	2606
gene_739	1024.267
gene_740	1520.833
gene_741	1200.04
gene_742	891.5
gene_743	1316.6
gene_744	692.2308
gene_745	575
gene_746	1729
gene_747	1525.857
gene_748	4925
gene_749	922.0833
gene_750	1035.8
gene_751	1129.625
gene_752	1773
gene_753	1360.5
gene_754	1917.2
gene_755	1346.412
gene_756	936.8333
gene_757	1793
gene_758	1817.5
gene_759	1947
gene_760	1018.154
gene_761	837.8462
gene_762	1047.167
gene_763	1545.2
gene_764	954.625
gene_765	2506.625
gene_766	1384.5
gene_767	1374.625
gene_768	1535.429
gene_769	405
gene_770	1091.158
gene_771	1401
gene_772	1709.75
gene_773	3955
gene_774	1096.524
gene_775	1006
gene_776	1162.1
gene_777	469
gene_778	1619.6
gene_779	2175.8
gene_780	1063
gene_781	1917
gene_782	3310.583
gene_783	1161.5
gene_784	972.8333
gene_785	1637
gene_786	1253
gene_787	945.6429
gene_788	2642.286
gene_789	8933.091
gene_790	2585.571
gene_791	2445.556
gene_792	2372.25
gene_793	1727.222
gene_794	1721.333
gene_795	915
gene_796	979.4444
gene_797	5115.9
gene_798	1539.5
gene_799	1045.24
gene_800	965.5
gene_801	638.5
gene_802	1852
gene_803	1196.8
gene_804	569.75
gene_805	1385.222
gene_806	1462.308
gene_807	1158.571
gene_808	569
gene_809	1426.522
gene_810	2239.789
gene_811	1305.417
gene_812	1001.792
gene_813	1292.636
gene_814	2711
gene_815	2607
gene_816	1489.2
gene_817	3727.8
gene_818	2286.25
gene_819	2245.5
gene_820	1838.3
gene_821	604.4286
gene_822	1616.571
gene_823	1415.333
gene_824	3296.5
gene_825	1363
gene_826	5941.444
gene_827	3913.429
gene_828	2487
gene_829	6101
gene_830	966
gene_831	2208.917
gene_832	873.6087
gene_833	966.5
gene_834	1080.778
gene_835	789
gene_836	3929
gene_837	3174
gene_838	1050.25
gene_839	1029.2
gene_840	4720.5
gene_841	1649
gene_842	3050.8
gene_843	1668.4
gene_844	717
gene_845	2418.833
gene_846	731
gene_847	2473
gene_848	8214.333
gene_849	1925
gene_850	2250
gene_851	1561.7
gene_852	2432
gene_853	1858.5
gene_854	1290.952
gene_855	1407
gene_856	1613.333
gene_857	6075
gene_858	3256.75
gene_859	3530
gene_860	1582.2
gene_861	549.6667
gene_862	2088
gene_863	1787.625
gene_864	3548.286
gene_865	1234
gene_866	877.875
gene_867	2507.556
gene_868	2564.5
gene_869	1681.5
gene_870	1683
gene_871	1671.105
gene_872	2362.5
gene_873	1243.667
gene_874	3733.5
gene_875	1715.667
gene_876	1230
gene_877	2633.75
gene_878	1891.167
gene_879	612.25
gene_880	1394.889
gene_881	1037.2
gene_882	2154.273
gene_883	573
gene_884	1928.5
gene_885	973.2
gene_886	2096.5
gene_887	1278.833
gene_888	2266
gene_889	1364.235
gene_890	5175.222
gene_891	1319.25
gene_892	664.5
gene_893	1676.067
gene_894	949
gene_895	1257.25
gene_896	1609.1
gene_897	2286
gene_898	2687
gene_899	4024.667
gene_900	4059.333
gene_901	1023.125
gene_902	1807.889
gene_903	2470.333
gene_904	626
gene_905	1860.625
gene_906	2176.833
gene_907	19641
gene_908	1758.833
gene_909	1719.5
gene_910	3352
gene_911	1981
gene_912	3847.545
gene_913	1820.25
gene_914	1810
gene_915	1007
gene_916	1466
gene_917	1659.1
gene_918	1518.235
gene_919	2289.333
gene_920	1436.909
gene_921	2282
gene_922	2557
gene_923	2238.214
gene_924	1534.917
gene_925	3383.5
gene_926	1306
gene_927	3141
gene_928	3023.75
gene_929	2203.875
gene_930	1358.25
gene_931	3138.429
gene_932	1958.235
gene_933	1186.25
gene_934	3768.667
gene_935	2027.182
gene_936	1308.75
gene_937	374
gene_938	2293.5
gene_939	3377
gene_940	3517
gene_941	810.0952
gene_942	1939
gene_943	2252.1
gene_944	2002.364
gene_945	1795
gene_946	1708
gene_947	702.0714
gene_948	3043.4
gene_949	1335.8
gene_950	2844.6
gene_951	3100.75
gene_952	772.6207
gene_953	894
gene_954	1066.333
gene_955	1381.75
gene_956	2383.75
gene_957	1297.667
gene_958	629
gene_959	2352
gene_960	1001
gene_961	1116.667
gene_962	1644.143
gene_963	6580
gene_964	1290
gene_965	1158.448
gene_966	766.6
gene_967	1103.2
gene_968	9549.667
gene_969	3816.2
gene_970	1612.4
gene_971	5460
gene_972	1188.8
gene_973	938.8182
gene_974	1353.5
gene_975	2604.2
gene_976	1221.571
gene_977	2183.714
gene_978	3069.333
gene_979	4674.75
gene_980	902
gene_981	4244
gene_982	849
gene_983	988
gene_984	830.3333
gene_985	743.4444
gene_986	1136.667
gene_987	1879
gene_988	1787.8
gene_989	1310.333
gene_990	1748.25
gene_991	907.6667
gene_992	1428.25
gene_993	5861
gene_994	6816
gene_995	772.5714
gene_996	3079.2
gene_997	1125.364
gene_998	3569.5
gene_999	37
gene_1000	1578
gene_1001	2650
gene_1002	2648
gene_1003	1024.6
gene_1004	2049
gene_1005	1560.571
gene_1006	2649.8
gene_1007	963
gene_1008	999.9167
gene_1009	3611.667
gene_1010	956
gene_1011	1322
gene_1012	3107.583
gene_1013	2314
gene_1014	2412.333
gene_1015	1667.333
gene_1016	1502.333
gene_1017	1397.15
gene_1018	1320
gene_1019	1506.3
gene_1020	944
gene_1021	2385.5
gene_1022	1104.333
gene_1023	2536.625
gene_1024	304
gene_1025	1014.333
gene_1026	1651
gene_1027	2777.091
gene_1028	1189.952
gene_1029	2448.789
gene_1030	823.125
gene_1031	1100.333
gene_1032	1968.111
gene_1033	1075.5
gene_1034	2940.444
gene_1035	1312.333
gene_1036	624.75
gene_1037	3371
gene_1038	2903
gene_1039	1886
gene_1040	1751
gene_1041	1892
gene_1042	4281.667
gene_1043	1735.5
gene_1044	2041.5
gene_1045	1936
gene_1046	2046.5
gene_1047	1488.5
gene_1048	821.5
gene_1049	1679
gene_1050	859.5714
gene_1051	3731.333
gene_1052	1725
gene_1053	652.2222
gene_1054	2121.5
gene_1055	3025.727
gene_1056	1193.812
gene_1057	448.25
gene_1058	4333.4
gene_1059	616
gene_1060	582.3333
gene_1061	1548
gene_1062	871
gene_1063	1025.458
gene_1064	2085.5
gene_1065	768.5714
gene_1066	1299.5
gene_1067	1899
gene_1068	1038
gene_1069	3411
gene_1070	913
gene_1071	2733.25
gene_1072	778
gene_1073	986.9677
gene_1074	1392
gene_1075	2062
gene_1076	5128.75
gene_1077	1198.6
gene_1078	1465.375
gene_1079	4563
gene_1080	1085.118
gene_1081	953.6667
gene_1082	1698
gene_1083	3456.167
gene_1084	2754.5
gene_1085	1051
gene_1086	1455.208
gene_1087	1072.167
gene_1088	1499.5
gene_1089	2772.8
gene_1090	1031.917
gene_1091	2290.857
gene_1092	2492.154
gene_1093	721.4
gene_1094	1166
gene_1095	2320.714
gene_1096	1645.933
gene_1097	954.5
gene_1098	1885.75
gene_1099	1476.167
gene_1100	1381.333
gene_1101	1441.25
gene_1102	1878
gene_1103	4241.2
gene_1104	1224
gene_1105	1341.435
gene_1106	1813.125
gene_1107	1450.6
gene_1108	2706.143
gene_1109	1209.571
gene_1110	5019.75
gene_1111	1305.667
gene_1112	1925
gene_1113	1650
gene_1114	1746.429
gene_1115	3596
gene_1116	1845.583
gene_1117	2001.429
gene_1118	2936.714
gene_1119	3234.5
gene_1120	267
gene_1121	904.375
gene_1122	704.7895
gene_1123	1270.429
gene_1124	3144.75
gene_1125	3690.167
gene_1126	1468.923
gene_1127	1439.25
gene_1128	695
gene_1129	696.7143
gene_1130	884.8333
gene_1131	916.5556
gene_1132	696.5
gene_1133	1416
gene_1134	938
gene_1135	2723.571
gene_1136	1065.625
gene_1137	1077.2
gene_1138	1781.4
gene_1139	1461.25
gene_1140	2096.429
gene_1141	1322.643
gene_1142	1188.667
gene_1143	4373.273
gene_1144	492
gene_1145	1637.462
gene_1146	1423.286
gene_1147	2709.333
gene_1148	1622
gene_1149	1092.96
gene_1150	1476.25
gene_1151	2564.375
gene_1152	601
gene_1153	1657
gene_1154	1630.333
gene_1155	2633.333
gene_1156	1509.733
gene_1157	4259
gene_1158	1366.857
gene_1159	4632.5
gene_1160	645.6667
gene_1161	1778.5
gene_1162	2649.667
gene_1163	1982.5
gene_1164	1085.714
gene_1165	2788.6
gene_1166	757.2
gene_1167	1491
gene_1168	3494.75
gene_1169	932
gene_1170	2038.667
gene_1171	14843
gene_1172	1410.389
gene_1173	2384
gene_1174	660
gene_1175	2372.667
gene_1176	1163.059
gene_1177	1437.2
gene_1178	856.6667
gene_1179	838
gene_1180	1086
gene_1181	2269.4
gene_1182	1900.9
gene_1183	1423.6
gene_1184	3036
gene_1185	2263
gene_1186	6629.5
gene_1187	978.7778
gene_1188	875.875
gene_1189	1836.75
gene_1190	1304.8
gene_1191	251
gene_1192	2693.667
gene_1193	2190
gene_1194	374
gene_1195	2881.833
gene_1196	1554.455
gene_1197	2062.706
gene_1198	2225.25
gene_1199	795.5
gene_1200	1609.857
gene_1201	1905
gene_1202	1906.167
gene_1203	1819.75
gene_1204	974
gene_1205	1521.2
gene_1206	1142
gene_1207	968
gene_1208	1081.444
gene_1209	383
gene_1210	1156.875
gene_1211	1430
gene_1212	1351.8
gene_1213	2254.9
gene_1214	1253.25
gene_1215	436.1429
gene_1216	1088.111
gene_1217	1656
gene_1218	1719.917
gene_1219	1125.4
gene_1220	2001
gene_1221	1292
gene_1222	681
gene_1223	1433.857
gene_1224	948.3
gene_1225	2935.5
gene_1226	3736.5
gene_1227	3649.857
gene_1228	1394
gene_1229	5303
gene_1230	1819.6
gene_1231	392
gene_1232	1879.909
gene_1233	832
gene_1234	1210.286
gene_1235	2164.091
gene_1236	1191.25
gene_1237	943.4444
gene_1238	839
gene_1239	4219.273
gene_1240	1941.222
gene_1241	544.5
gene_1242	761.7273
gene_1243	2086.6
gene_1244	3393
gene_1245	795
gene_1246	1857.75
gene_1247	1912.905
gene_1248	1303.824
gene_1249	904.6667
gene_1250	762
gene_1251	5510
gene_1252	3657.474
gene_1253	1706.75
gene_1254	2346.333
gene_1255	1759.375
gene_1256	2766.231
gene_1257	1152.462
gene_1258	1033.812
gene_1259	1617
gene_1260	1304
gene_1261	570.6667
gene_1262	1253.857
gene_1263	2846.429
gene_1264	1121.545
gene_1265	1820.2
gene_1266	3437
gene_1267	1113.583
gene_1268	1239.333
gene_1269	1578.5
gene_1270	1194.412
gene_1271	955.3333
gene_1272	2017.5
gene_1273	1075
gene_1274	2108.25
gene_1275	1321.167
gene_1276	1174.231
gene_1277	493
gene_1278	827
gene_1279	4656
gene_1280	674
gene_1281	1169.25
gene_1282	1857.923
gene_1283	1386.059
gene_1284	659.5
gene_1285	1289.562
gene_1286	952
gene_1287	654.8333
gene_1288	1752.3
gene_1289	1608
gene_1290	1924
gene_1291	1877
gene_1292	6253.667
gene_1293	2000.1
gene_1294	6027.667
gene_1295	1087.667
gene_1296	3242.2
gene_1297	1903
gene_1298	1819
gene_1299	1651.75
gene_1300	1826.625
gene_1301	1477.417
gene_1302	1993
gene_1303	1925
gene_1304	3202
gene_1305	1164.643
gene_1306	670
gene_1307	579.5
gene_1308	1319.2
gene_1309	1701
gene_1310	1973
gene_1311	2023.8
gene_1312	1641
gene_1313	2111
gene_1314	1585.857
gene_1315	1589
gene_1316	17399
gene_1317	2227.375
gene_1318	1461.737
gene_1319	1460
gene_1320	2790
gene_1321	2539.25
gene_1322	2094.923
gene_1323	2053.8
gene_1324	2568.333
gene_1325	1086.571
gene_1326	2475.429
gene_1327	1128.636
gene_1328	1146.455
gene_1329	2916.5
gene_1330	1443.333
gene_1331	2507.25
gene_1332	1124.286
gene_1333	1878.357
gene_1334	1534.5
gene_1335	1983.2
gene_1336	2107.333
gene_1337	2491
gene_1338	3492.556
gene_1339	2512
gene_1340	1311.75
gene_1341	984.2
gene_1342	2083.5
gene_1343	844
gene_1344	3638
gene_1345	2142
gene_1346	1588
gene_1347	2149.462
gene_1348	989.6087
gene_1349	1140.182
gene_1350	917
gene_1351	2216.778
gene_1352	1283.462
gene_1353	1016.188
gene_1354	1050.556
gene_1355	1098
gene_1356	2941
gene_1357	1027.25
gene_1358	2938.6
gene_1359	2408.333
gene_1360	1269.5
gene_1361	2263.8
gene_1362	1300.667
gene_1363	1358.143
gene_1364	1987.818
gene_1365	792.5833
gene_1366	1042.917
gene_1367	2234.75
gene_1368	1472.8
gene_1369	5103.5
gene_1370	1646.5
gene_1371	1330.333
gene_1372	2356.583
gene_1373	1155.6
gene_1374	8610.5
gene_1375	1532.2
gene_1376	1002.5
gene_1377	2397.714
gene_1378	959.6
gene_1379	596
gene_1380	1107.4
gene_1381	948.25
gene_1382	1955.2
gene_1383	944
gene_1384	1761.154
gene_1385	517.375
gene_1386	1026.333
gene_1387	816.8
gene_1388	2200.5
gene_1389	232
gene_1390	2935.833
gene_1391	1763.3
gene_1392	1531.667
gene_1393	6708
gene_1394	631.2
gene_1395	1490.875
gene_1396	977.8
gene_1397	1363.333
gene_1398	1381
gene_1399	1574.273
gene_1400	1620.556
gene_1401	2492.5
gene_1402	1209.4
gene_1403	1998.4
gene_1404	1499
gene_1405	844.5714
gene_1406	6487.75
gene_1407	988.5
gene_1408	2549
gene_1409	944.5
gene_1410	1088.75
gene_1411	1302.686
gene_1412	1194.5
gene_1413	2993.583
gene_1414	1336
gene_1415	634.5
gene_1416	2587
gene_1417	1644.667
gene_1418	1674.5
gene_1419	1838.6
gene_1420	941.8
gene_1421	1246
gene_1422	2317.25
gene_1423	315
gene_1424	1701.583
gene_1425	1370.333
gene_1426	1415
gene_1427	1769.667
gene_1428	2196
gene_1429	2615.143
gene_1430	1259.2
gene_1431	1208.6
gene_1432	2835.167
gene_1433	1923.5
gene_1434	1776.636
gene_1435	886
gene_1436	2536
gene_1437	9711.35
gene_1438	938.7143
gene_1439	3523
gene_1440	1352
gene_1441	1189.25
gene_1442	526
gene_1443	1609
gene_1444	1896.8
gene_1445	1087.889
gene_1446	647
gene_1447	1725.5
gene_1448	1466.154
gene_1449	2666
gene_1450	2442.75
gene_1451	1229.357
gene_1452	1500.6
gene_1453	547
gene_1454	2020.125
gene_1455	838.1935
gene_1456	2789
gene_1457	1422
gene_1458	1484.75
gene_1459	3000.333
gene_1460	4950
gene_1461	2538.8
gene_1462	3046.333
gene_1463	1021
gene_1464	1364
gene_1465	2903.571
gene_1466	896.75
gene_1467	2713
gene_1468	1064
gene_1469	2689
gene_1470	1003.143
gene_1471	1454.75
gene_1472	2323.467
gene_1473	2029
gene_1474	2168.2
gene_1475	1755.6
gene_1476	2732.2
gene_1477	827
gene_1478	1407
gene_1479	3473.333
gene_1480	2266.5
gene_1481	2342
gene_1482	2448
gene_1483	1278.3
gene_1484	1103.25
gene_1485	1226.818
gene_1486	3668.429
gene_1487	4889
gene_1488	3514
gene_1489	1767.2
gene_1490	1113.556
gene_1491	1040.25
gene_1492	1191.176
gene_1493	2305.5
gene_1494	1381.667
gene_1495	1258.875
gene_1496	4022.833
gene_1497	1232.091
gene_1498	1258.5
gene_1499	2041
gene_1500	5228
gene_1501	1290
gene_1502	1170.5
gene_1503	2447.667
gene_1504	2174.379
gene_1505	5828
gene_1506	2705.571
gene_1507	1802.429
gene_1508	2182.2
gene_1509	1204
gene_1510	1636
gene_1511	2410.875
gene_1512	626.5385
gene_1513	790
gene_1514	2489.812
gene_1515	4122
gene_1516	4076
gene_1517	931
gene_1518	1537.833
gene_1519	504.5
gene_1520	1523.25
gene_1521	1984.75
gene_1522	2256
gene_1523	3228.667
gene_1524	916
gene_1525	2634.6
gene_1526	2361
gene_1527	868
gene_1528	1099.2
gene_1529	841.25
gene_1530	2627.25
gene_1531	1454.769
gene_1532	1254
gene_1533	953.5
gene_1534	1425.933
gene_1535	807.1667
gene_1536	2053.235
gene_1537	961
gene_1538	1813
gene_1539	1151
gene_1540	749.2857
gene_1541	753
gene_1542	1288.75
gene_1543	1292.235
gene_1544	2440.4
gene_1545	1051.875
gene_1546	2247.5
gene_1547	1930.5
gene_1548	1386.444
gene_1549	1346.75
gene_1550	908.6364
gene_1551	3178.5
gene_1552	1455.529
gene_1553	2007.667
gene_1554	8276.5
gene_1555	3884
gene_1556	1601
gene_1557	1987.769
gene_1558	1046.667
gene_1559	1096.19
gene_1560	1030.143
gene_1561	1154.5
gene_1562	2523.167
gene_1563	1455.4
gene_1564	1766.467
gene_1565	1497.6
gene_1566	374
gene_1567	848.381
gene_1568	728.5
gene_1569	990.2857
gene_1570	1181.625
gene_1571	1942.444
gene_1572	3339.2
gene_1573	889.2727
gene_1574	1545.8
gene_1575	594
gene_1576	1134
gene_1577	1965
gene_1578	1502.667
gene_1579	1554.4
gene_1580	1947.333
gene_1581	1491.286
gene_1582	967.3448
gene_1583	2045.444
gene_1584	1400.4
gene_1585	3708
gene_1586	2487.5
gene_1587	1698.042
gene_1588	1531.5
gene_1589	2174.5
gene_1590	1360.4
gene_1591	1002.143
gene_1592	932.75
gene_1593	1462.5
gene_1594	1434.889
gene_1595	2793
gene_1596	4198
gene_1597	1172.077
gene_1598	2691.5
gene_1599	4056.5
gene_1600	1582
gene_1601	1688
gene_1602	782.5
gene_1603	1285.5
gene_1604	1871.25
gene_1605	1756.75
gene_1606	1377
gene_1607	5314
gene_1608	319
gene_1609	1193.333
gene_1610	893.3333
gene_1611	3584
gene_1612	1447.5
gene_1613	1043.8
gene_1614	462
gene_1615	866.4
gene_1616	2145.5
gene_1617	1833
gene_1618	1735.667
gene_1619	953.8182
gene_1620	819
gene_1621	1969.2
gene_1622	1166.182
gene_1623	896.6471
gene_1624	2197.667
gene_1625	900.7955
gene_1626	4418.333
gene_1627	2117.5
gene_1628	2406.4
gene_1629	1142.647
gene_1630	2212.643
gene_1631	2021.4
gene_1632	1221.5
gene_1633	1731.75
gene_1634	944
gene_1635	670
gene_1636	371
gene_1637	2823.6
gene_1638	1741.333
gene_1639	738
gene_1640	1788.923
gene_1641	3007.5
gene_1642	1155
gene_1643	2623
gene_1644	3137
gene_1645	2084.5
gene_1646	1100
gene_1647	1397.083
gene_1648	1697.5
gene_1649	1218.333
gene_1650	830.25
gene_1651	1050.667
gene_1652	1619.476
gene_1653	968.3333
gene_1654	1052.333
gene_1655	1155
gene_1656	1240.133
gene_1657	609
gene_1658	1290.75
gene_1659	526.75
gene_1660	1266.667
gene_1661	771
gene_1662	1129.667
gene_1663	1684
gene_1664	2416.333
gene_1665	1163
gene_1666	770.5
gene_1667	1301.143
gene_1668	3009.6
gene_1669	1897.5
gene_1670	2067
gene_1671	1103.5
gene_1672	627
gene_1673	935
gene_1674	2526
gene_1675	2900
gene_1676	3068
gene_1677	5413.692
gene_1678	3511.857
gene_1679	1058.615
gene_1680	3498
gene_1681	3552
gene_1682	1224.303
gene_1683	814.3333
gene_1684	2922.917
gene_1685	1648.385
gene_1686	1137.667
gene_1687	1594.5
gene_1688	1298.4
gene_1689	1875.5
gene_1690	1411.444
gene_1691	1020
gene_1692	1570.2
gene_1693	1535.538
gene_1694	8277
gene_1695	1379
gene_1696	2237.6
gene_1697	1171.667
gene_1698	1259
gene_1699	1741.857
gene_1700	1275.6
gene_1701	2277.667
gene_1702	3904.5
gene_1703	1346.625
gene_1704	1297.3
gene_1705	67
gene_1706	2135.2
gene_1707	1722.286
gene_1708	528.8889
gene_1709	1563.875
gene_1710	279
gene_1711	832
gene_1712	1022.545
gene_1713	2177.6
gene_1714	988.5556
gene_1715	1859
gene_1716	8169.25
gene_1717	1144.667
gene_1718	1587.19
gene_1719	2642.5
gene_1720	1819.556
gene_1721	2345.818
gene_1722	3218.4
gene_1723	2838
gene_1724	374
gene_1725	1314.417
gene_1726	580
gene_1727	790.3333
gene_1728	2520.5
gene_1729	1467.273
gene_1730	794
gene_1731	1358.75
gene_1732	994.375
gene_1733	1699
gene_1734	963.1667
gene_1735	2525
gene_1736	767.5
gene_1737	1844
gene_1738	2132.75
gene_1739	2954.636
gene_1740	1493.125
gene_1741	2043
gene_1742	631.1667
gene_1743	829.2857
gene_1744	816
gene_1745	1217.733
gene_1746	7635.857
gene_1747	1263
gene_1748	1343
gene_1749	1622.25
gene_1750	1903
gene_1751	2632.5
gene_1752	2148.857
gene_1753	2438.4
gene_1754	2174
gene_1755	1602.05
gene_1756	1002.6
gene_1757	1543.25
gene_1758	770.6667
gene_1759	756
gene_1760	1455.417
gene_1761	1172.909
gene_1762	3934.875
gene_1763	1822
gene_1764	682
gene_1765	1337.5
gene_1766	938
gene_1767	1385
gene_1768	929
gene_1769	906.1333
gene_1770	2810.25
gene_1771	2863.2
gene_1772	3330
gene_1773	1014.5
gene_1774	1468.75
gene_1775	1128.5
gene_1776	3318.333
gene_1777	3155.176
gene_1778	1448
gene_1779	1826.75
gene_1780	1979.125
gene_1781	2304.143
gene_1782	1198.6
gene_1783	1035.4
gene_1784	3238
gene_1785	1139.6
gene_1786	1048.333
gene_1787	1647.727
gene_1788	7726.5
gene_1789	2240
gene_1790	681.5
gene_1791	1252.75
gene_1792	1625.632
gene_1793	1568.062
gene_1794	2049.278
gene_1795	1866.812
gene_1796	3637.6
gene_1797	2015.833
gene_1798	1085
gene_1799	2165.583
gene_1800	1483.375
gene_1801	2079.6
gene_1802	1534.615
gene_1803	2065.857
gene_1804	1022.667
gene_1805	1524.5
gene_1806	1738
gene_1807	645
gene_1808	3173.5
gene_1809	1301
gene_1810	1335.6
gene_1811	999.0526
gene_1812	4276.2
gene_1813	1424.5
gene_1814	1783.857
gene_1815	3400
gene_1816	1155
gene_1817	2423.714
gene_1818	1038.029
gene_1819	1535
gene_1820	1179.8
gene_1821	788.4
gene_1822	789.8
gene_1823	1717.4
gene_1824	2017.5
gene_1825	929
gene_1826	2429.818
gene_1827	1099.6
gene_1828	1890.375
gene_1829	3256.75
gene_1830	1430
gene_1831	694.4286
gene_1832	2030.333
gene_1833	662
gene_1834	2003.6
gene_1835	768.4118
gene_1836	1636.25
gene_1837	3404.75
gene_1838	2145.75
gene_1839	2275.05
gene_1840	1914.75
gene_1841	931.5
gene_1842	1291.5
gene_1843	972.5455
gene_1844	2101
gene_1845	2808
gene_1846	1311.667
gene_1847	1733
gene_1848	725
gene_1849	1371
gene_1850	7706.667
gene_1851	2681.333
gene_1852	2509.364
gene_1853	6485
gene_1854	857.8
gene_1855	1798.75
gene_1856	612.3333
gene_1857	4069.25
gene_1858	2473.5
gene_1859	4921
gene_1860	1117.625
gene_1861	855.6667
gene_1862	1319.143
gene_1863	1103.154
gene_1864	2095
gene_1865	4608.25
gene_1866	2610
gene_1867	1026
gene_1868	892.8
gene_1869	644.1
gene_1870	1336.25
gene_1871	1777.2
gene_1872	1325.63
gene_1873	3445.667
gene_1874	1592.667
gene_1875	1695.889
gene_1876	842.6667
gene_1877	2493
gene_1878	1095.467
gene_1879	583
gene_1880	4792.667
gene_1881	1463.8
gene_1882	1523.545
gene_1883	1725.9
gene_1884	830.2857
gene_1885	3401.333
gene_1886	1265.619
gene_1887	3351
gene_1888	812.5
gene_1889	3641
gene_1890	1318
gene_1891	1883.111
gene_1892	1165.5
gene_1893	1353.667
gene_1894	939.8333
gene_1895	1942
gene_1896	3740.8
gene_1897	2355.5
gene_1898	2668.25
gene_1899	1800.25
gene_1900	2982.667
gene_1901	2214
gene_1902	6277
gene_1903	839.6364
gene_1904	1074.267
gene_1905	752.4286
gene_1906	856.76
gene_1907	1169.727
gene_1908	1541.143
gene_1909	830.5
gene_1910	1532.389
gene_1911	1692.5
gene_1912	4296
gene_1913	685
gene_1914	1270
gene_1915	1297.111
gene_1916	1037
gene_1917	2635.154
gene_1918	2157.5
gene_1919	948
gene_1920	1309.682
gene_1921	926
gene_1922	1569
gene_1923	1293.222
gene_1924	1098.286
gene_1925	838.8182
gene_1926	1179.467
gene_1927	476
gene_1928	2046
gene_1929	447
gene_1930	917.8571
gene_1931	2972.2
gene_1932	2116.5
gene_1933	4052
gene_1934	1283.125
gene_1935	1612.667
gene_1936	169
gene_1937	1238.375
gene_1938	812
gene_1939	1590.8
gene_1940	1692.6
gene_1941	859
gene_1942	64
gene_1943	883.1429
gene_1944	1332.2
gene_1945	1456
gene_1946	1515.909
gene_1947	1954.667
gene_1948	1968.6
gene_1949	743.75
gene_1950	2144.6
gene_1951	3238.333
gene_1952	1106.5
gene_1953	819.5
gene_1954	974
gene_1955	1211.833
gene_1956	1036
gene_1957	1551.375
gene_1958	2159
gene_1959	1219.571
gene_1960	2754.889
gene_1961	1253
gene_1962	1589
gene_1963	1522.5
gene_1964	2776
gene_1965	1385.05
gene_1966	1295.5
gene_1967	1219.1
gene_1968	1168
gene_1969	2394.714
gene_1970	2076.875
gene_1971	1209.471
gene_1972	1116.333
gene_1973	1104.615
gene_1974	2422.6
gene_1975	2278
gene_1976	4301.5
gene_1977	3366
gene_1978	1281.643
gene_1979	1522.083
gene_1980	1663.5
gene_1981	2287
gene_1982	1660
gene_1983	1440.417
gene_1984	1541
gene_1985	2754.667
gene_1986	3143.933
gene_1987	7899
gene_1988	1027.3
gene_1989	1378.5
gene_1990	1822.5
gene_1991	917
gene_1992	1870.727
gene_1993	884.4444
gene_1994	1087
gene_1995	786.375
gene_1996	1459.25
gene_1997	1065
gene_1998	1294.5
gene_1999	4956.857
gene_2000	3771.111
gene_2001	2653.143
gene_2002	1858.875
gene_2003	1128.636
gene_2004	752.875
gene_2005	2039.286
gene_2006	1486
gene_2007	1840.182
gene_2008	1798.707
gene_2009	2165.333
gene_2010	3931.571
gene_2011	1029
gene_2012	2582.125
gene_2013	3128
gene_2014	2102.429
gene_2015	1051.571
gene_2016	1910.667
gene_2017	3018
gene_2018	1900.667
gene_2019	8316
gene_2020	1101.25
gene_2021	1124.235
gene_2022	1280.3
gene_2023	389
gene_2024	1197.3
gene_2025	1876.182
gene_2026	2468.125
gene_2027	1539
gene_2028	1443
gene_2029	1596.286
gene_2030	1531.778
gene_2031	2858
gene_2032	463.6667
gene_2033	761
gene_2034	950
gene_2035	926.75
gene_2036	716.3333
gene_2037	815.3333
gene_2038	807.3333
gene_2039	1331
gene_2040	3277.9
gene_2041	1516
gene_2042	1197.286
gene_2043	1186.381
gene_2044	1018.5
gene_2045	888.6667
gene_2046	572.4286
gene_2047	2338
gene_2048	8773.333
gene_2049	944
gene_2050	1761.4
gene_2051	548
gene_2052	719.7778
gene_2053	1468.714
gene_2054	942.5
gene_2055	935.3333
gene_2056	1581
gene_2057	717.4286
gene_2058	1268.5
gene_2059	1475.5
gene_2060	1407.5
gene_2061	2904
gene_2062	1596.571
gene_2063	1521.625
gene_2064	1572.5
gene_2065	4210
gene_2066	2127.667
gene_2067	1083.333
gene_2068	1017.667
gene_2069	1764.625
gene_2070	1243.1
gene_2071	1193.818
gene_2072	2029
gene_2073	1583.857
gene_2074	418
gene_2075	1519.091
gene_2076	3051.429
gene_2077	4063.5
gene_2078	2943.545
gene_2079	1123.5
gene_2080	1972.75
gene_2081	1499.188
gene_2082	961.25
gene_2083	1796.929
gene_2084	2130
gene_2085	2178
gene_2086	3211.75
gene_2087	1473.45
gene_2088	1782.421
gene_2089	1353.556
gene_2090	1421
gene_2091	1541
gene_2092	969.125
gene_2093	1826.5
gene_2094	1809
gene_2095	914.1818
gene_2096	3353
gene_2097	1930.3
gene_2098	1368
gene_2099	2076.857
gene_2100	2482.5
gene_2101	1852.375
gene_2102	874.75
gene_2103	1674.4
gene_2104	2207.333
gene_2105	2497
gene_2106	950
gene_2107	1696.429
gene_2108	2968.143
gene_2109	1977.5
gene_2110	1109.667
gene_2111	689
gene_2112	2060.5
gene_2113	3212
gene_2114	994
gene_2115	7525
gene_2116	1024
gene_2117	392
gene_2118	738.25
gene_2119	2915.571
gene_2120	522
gene_2121	8192
gene_2122	1178.19
gene_2123	5144
gene_2124	1349.833
gene_2125	1390.5
gene_2126	1061.636
gene_2127	1591.5
gene_2128	3082
gene_2129	70
gene_2130	651
gene_2131	2113.2
gene_2132	289
gene_2133	3418
gene_2134	2727
gene_2135	1852
gene_2136	1491
gene_2137	1110.5
gene_2138	2241.364
gene_2139	1701.333
gene_2140	1675
gene_2141	1078.6
gene_2142	6110
gene_2143	2696.125
gene_2144	809.1429
gene_2145	1163.5
gene_2146	1498
gene_2147	3332.5
gene_2148	1265.875
gene_2149	866
gene_2150	1594.222
gene_2151	1818.5
gene_2152	987.9333
gene_2153	924.2
gene_2154	3186
gene_2155	1377.846
gene_2156	2562.5
gene_2157	982.5
gene_2158	1266
gene_2159	2286.333
gene_2160	1107.333
gene_2161	2624.444
gene_2162	3627
gene_2163	2453.5
gene_2164	2751.364
gene_2165	2734.6
gene_2166	1597.588
gene_2167	1340.333
gene_2168	1834.182
gene_2169	1287
gene_2170	923
gene_2171	4141.25
gene_2172	1005.464
gene_2173	3122.857
gene_2174	2549
gene_2175	9167
gene_2176	1449.2
gene_2177	1894.167
gene_2178	807.3571
gene_2179	1281.75
gene_2180	5540
gene_2181	2005
gene_2182	1678.8
gene_2183	990.2727
gene_2184	1673.5
gene_2185	1030.294
gene_2186	972.2857
gene_2187	1174.714
gene_2188	1230.278
gene_2189	3075.333
gene_2190	2287.333
gene_2191	1710.286
gene_2192	577.3333
gene_2193	691.6667
gene_2194	1838.5
gene_2195	1962.4
gene_2196	883.75
gene_2197	2440.333
gene_2198	2370.5
gene_2199	1386.143
gene_2200	2748.556
gene_2201	1276.875
gene_2202	982
gene_2203	698
gene_2204	1139.8
gene_2205	1243.438
gene_2206	1117.455
gene_2207	1078.286
gene_2208	884.25
gene_2209	2524.25
gene_2210	1367.75
gene_2211	3005.818
gene_2212	2392.167
gene_2213	1949.667
gene_2214	752.9
gene_2215	2023.364
gene_2216	1080.2
gene_2217	2411
gene_2218	3911.143
gene_2219	3471
gene_2220	565.1667
gene_2221	1542.875
gene_2222	2434.667
gene_2223	1618.286
gene_2224	928.3333
gene_2225	2041
gene_2226	2894.4
gene_2227	5385
gene_2228	2637.333
gene_2229	1779.833
gene_2230	2070.941
gene_2231	1777
gene_2232	2866
gene_2233	902.7857
gene_2234	861
gene_2235	1956
gene_2236	2888.5
gene_2237	3445.5
gene_2238	1295.917
gene_2239	1828.4
gene_2240	1444.474
gene_2241	2240.5
gene_2242	1745.5
gene_2243	2030.714
gene_2244	798.6667
gene_2245	8280
gene_2246	1582.273
gene_2247	1070
gene_2248	1190.556
gene_2249	1514.667
gene_2250	3148.889
gene_2251	914
gene_2252	976
gene_2253	1023.857
gene_2254	1125.833
gene_2255	696.9167
gene_2256	1524.6
gene_2257	1640.2
gene_2258	5054.429
gene_2259	1070.333
gene_2260	2515.5
gene_2261	1629
gene_2262	965
gene_2263	1470
gene_2264	1947.857
gene_2265	2089.818
gene_2266	562
gene_2267	1068.783
gene_2268	2503.545
gene_2269	1567.571
gene_2270	1761.2
gene_2271	3210
gene_2272	2340.2
gene_2273	2511
gene_2274	4589.4
gene_2275	1869.5
gene_2276	1081.667
gene_2277	1532.25
gene_2278	4023.333
gene_2279	1368.5
gene_2280	594.5
gene_2281	3106
gene_2282	2508.571
gene_2283	1606.286
gene_2284	2438
gene_2285	978
gene_2286	2380.833
gene_2287	2244
gene_2288	1233.5
gene_2289	810.8
gene_2290	1081
gene_2291	1371.667
gene_2292	1513
gene_2293	1461.952
gene_2294	1466.5
gene_2295	1145.556
gene_2296	2018.375
gene_2297	1225.25
gene_2298	1508.214
gene_2299	1329.571
gene_2300	1752.5
gene_2301	1333
gene_2302	1604.375
gene_2303	2176
gene_2304	2565.6
gene_2305	2147.375
gene_2306	3532.5
gene_2307	1898.4
gene_2308	1919.9
gene_2309	2020.167
gene_2310	1198.778
gene_2311	1278
gene_2312	898
gene_2313	989
gene_2314	1796.182
gene_2315	2100.333
gene_2316	1723.4
gene_2317	1614.5
gene_2318	4369
gene_2319	864.8333
gene_2320	1323.5
gene_2321	2747
gene_2322	3407
gene_2323	1192
gene_2324	5984
gene_2325	638
gene_2326	3180.286
gene_2327	1239.5
gene_2328	841.2727
gene_2329	3169.9
gene_2330	2524.786
gene_2331	1828.667
gene_2332	3219
gene_2333	1120.5
gene_2334	4116.333
gene_2335	1915
gene_2336	2038
gene_2337	3949
gene_2338	1377.692
gene_2339	1113.833
gene_2340	999.3333
gene_2341	2288
gene_2342	2507
gene_2343	1836.8
gene_2344	1264.571
gene_2345	985.2857
gene_2346	3224
gene_2347	1729.1
gene_2348	1159
gene_2349	902.5
gene_2350	2139.667
gene_2351	1142.889
gene_2352	1675
gene_2353	2041.5
gene_2354	1078.75
gene_2355	1648.333
gene_2356	1074.8
gene_2357	2755.111
gene_2358	2665.1
gene_2359	1701.792
gene_2360	1832.125
gene_2361	6442
gene_2362	1731.625
gene_2363	6656.25
gene_2364	929
gene_2365	1220
gene_2366	980
gene_2367	1932.188
gene_2368	1012.667
gene_2369	2141.286
gene_2370	1492.308
gene_2371	3842
gene_2372	1127.556
gene_2373	1163
gene_2374	1802
gene_2375	1997.833
gene_2376	1232.882
gene_2377	689
gene_2378	3799
gene_2379	1289.39
gene_2380	5425
gene_2381	3862.75
gene_2382	1742.167
gene_2383	528
gene_2384	3463.75
gene_2385	857.5
gene_2386	6233.667
gene_2387	1798
gene_2388	843.6667
gene_2389	3675.8
gene_2390	589
gene_2391	1683
gene_2392	5417.6
gene_2393	1448
gene_2394	1077.091
gene_2395	1531.636
gene_2396	1149.737
gene_2397	1101.2
gene_2398	3194.667
gene_2399	2269.667
gene_2400	846.8462
gene_2401	1324.833
gene_2402	1103.444
gene_2403	906
gene_2404	1456
gene_2405	1610
gene_2406	3125.25
gene_2407	1281.667
gene_2408	2333.667
gene_2409	1086
gene_2410	1149.4
gene_2411	1809.167
gene_2412	1042.75
gene_2413	9391
gene_2414	1524.778
gene_2415	1165
gene_2416	3566.875
gene_2417	1282.4
gene_2418	2549.75
gene_2419	5526
gene_2420	5746
gene_2421	774
gene_2422	844.3333
gene_2423	4420.75
gene_2424	892
gene_2425	1157.333
gene_2426	2892
gene_2427	1324.923
gene_2428	3046.6
gene_2429	973.5
gene_2430	1835.25
gene_2431	1352.538
gene_2432	4879.333
gene_2433	1901.75
gene_2434	3574.333
gene_2435	1274.444
gene_2436	3903.167
gene_2437	1385.333
gene_2438	1377
gene_2439	692
gene_2440	1390.286
gene_2441	2882.5
gene_2442	1778.923
gene_2443	2400.5
gene_2444	5717.667
gene_2445	954.7143
gene_2446	1189.409
gene_2447	1254.111
gene_2448	1081
gene_2449	1071.889
gene_2450	1200.375
gene_2451	1682.455
gene_2452	879.8
gene_2453	2902.889
gene_2454	1188.714
gene_2455	3139.958
gene_2456	1670.333
gene_2457	2636.111
gene_2458	1480.143
gene_2459	1363.8
gene_2460	978.1333
gene_2461	2234.467
gene_2462	1423.222
gene_2463	1232.333
gene_2464	2738.375
gene_2465	1756.143
gene_2466	843.6667
gene_2467	1477
gene_2468	595.2
gene_2469	1034
gene_2470	1862
gene_2471	2345
gene_2472	895.5833
gene_2473	904
gene_2474	5011.143
gene_2475	3379
gene_2476	2036.364
gene_2477	1928.714
gene_2478	1418.375
gene_2479	797.4
gene_2480	911.95
gene_2481	46
gene_2482	996.9
gene_2483	1640.333
gene_2484	1842
gene_2485	3058.727
gene_2486	4442
gene_2487	2582.077
gene_2488	799
gene_2489	995.5
gene_2490	2622.2
gene_2491	1347.571
gene_2492	1459
gene_2493	1406.385
gene_2494	1914
gene_2495	932
gene_2496	1722
gene_2497	936.5
gene_2498	1545.571
gene_2499	1119.8
gene_2500	1535.857
gene_2501	3536
gene_2502	1904.943
gene_2503	2821.917
gene_2504	704
gene_2505	1357.292
gene_2506	1996.25
gene_2507	1103
gene_2508	1367.176
gene_2509	1283.778
gene_2510	1931
gene_2511	1402.787
gene_2512	2454.789
gene_2513	1286.333
gene_2514	1180.059
gene_2515	1464.091
gene_2516	720
gene_2517	935
gene_2518	2167
gene_2519	2127.7
gene_2520	4605.4
gene_2521	1465.6
gene_2522	1854
gene_2523	2308.333
gene_2524	3923
gene_2525	1058.286
gene_2526	4498
gene_2527	1470.9
gene_2528	1265.28
gene_2529	6998
gene_2530	1965.111
gene_2531	1263.875
gene_2532	1104
gene_2533	1418.556
gene_2534	2540
gene_2535	3858
gene_2536	556.6667
gene_2537	6498.5
gene_2538	1627
gene_2539	2417.667
gene_2540	2829.267
gene_2541	1040.8
gene_2542	1286.19
gene_2543	805.1
gene_2544	1530.167
gene_2545	3098.333
gene_2546	1730.4
gene_2547	1445.278
gene_2548	2502.8
gene_2549	2552
gene_2550	1675
gene_2551	1138.615
gene_2552	1705.8
gene_2553	880
gene_2554	2966.846
gene_2555	1803.5
gene_2556	4412.5
gene_2557	1084.526
gene_2558	1246.5
gene_2559	986
gene_2560	2303.333
gene_2561	1749
gene_2562	2708
gene_2563	1929.429
gene_2564	1211.429
gene_2565	2911.2
gene_2566	772.8
gene_2567	1532.889
gene_2568	2158
gene_2569	1384.333
gene_2570	1836
gene_2571	2846.765
gene_2572	1318.765
gene_2573	1698.857
gene_2574	2796
gene_2575	1002.312
gene_2576	1095.25
gene_2577	2549.667
gene_2578	2411.75
gene_2579	1599.6
gene_2580	1206.941
gene_2581	2971
gene_2582	1255.286
gene_2583	1397.5
gene_2584	525
gene_2585	945.2
gene_2586	1627.375
gene_2587	1868.143
gene_2588	3302
gene_2589	2371
gene_2590	1859.353
gene_2591	1059.875
gene_2592	1153.6
gene_2593	1307.571
gene_2594	2861.4
gene_2595	2196.5
gene_2596	2767
gene_2597	1322.818
gene_2598	902
gene_2599	660.8
gene_2600	921.5
gene_2601	1643.429
gene_2602	1055.833
gene_2603	524.3333
gene_2604	1115.714
gene_2605	1481.778
gene_2606	1662.222
gene_2607	1306.286
gene_2608	2577.667
gene_2609	646.3333
gene_2610	1262
gene_2611	2179.429
gene_2612	3613
gene_2613	788.6667
gene_2614	2184.95
gene_2615	2296.556
gene_2616	998.1429
gene_2617	2221
gene_2618	1233.636
gene_2619	3539
gene_2620	2230.25
gene_2621	2856.167
gene_2622	679
gene_2623	775.75
gene_2624	647.4667
gene_2625	1312.5
gene_2626	1394.778
gene_2627	1485.857
gene_2628	932.6136
gene_2629	2140.333
gene_2630	821.1667
gene_2631	904.3684
gene_2632	1901.214
gene_2633	2654.5
gene_2634	561
gene_2635	768.5
gene_2636	1355.2
gene_2637	1126.238
gene_2638	1609.667
gene_2639	1408.2
gene_2640	1328.5
gene_2641	1066.5
gene_2642	1068.091
gene_2643	1403.2
gene_2644	1730
gene_2645	431.5
gene_2646	1937.5
gene_2647	1123.636
gene_2648	2869.857
gene_2649	1219.2
gene_2650	2344.25
gene_2651	1919.455
gene_2652	1698.353
gene_2653	5835.571
gene_2654	1106.25
gene_2655	1917.231
gene_2656	629.5
gene_2657	1771.222
gene_2658	1384
gene_2659	1484.333
gene_2660	1289
gene_2661	954.1818
gene_2662	1352.75
gene_2663	7644.25
gene_2664	1470.875
gene_2665	1777.5
gene_2666	1879.8
gene_2667	1790.467
gene_2668	2059
gene_2669	608.6667
gene_2670	1042.1
gene_2671	1181.2
gene_2672	2381.333
gene_2673	526.6
gene_2674	1322.846
gene_2675	3539.5
gene_2676	1551
gene_2677	1963
gene_2678	2014
gene_2679	1590.182
gene_2680	947
gene_2681	993.2727
gene_2682	6384
gene_2683	2408.357
gene_2684	2764.286
gene_2685	1080
gene_2686	1456
gene_2687	3952.444
gene_2688	845.2
gene_2689	2342.333
gene_2690	521.5
gene_2691	4463
gene_2692	2446
gene_2693	886.1818
gene_2694	1219.056
gene_2695	2293.75
gene_2696	1859
gene_2697	2365
gene_2698	2418.25
gene_2699	1384.444
gene_2700	1364.5
gene_2701	1188.667
gene_2702	3451.5
gene_2703	2381.571
gene_2704	3005.25
gene_2705	1400.75
gene_2706	2467.818
gene_2707	1723.222
gene_2708	1708.333
gene_2709	1016.857
gene_2710	1703.75
gene_2711	1564
gene_2712	1283.286
gene_2713	1101.857
gene_2714	2309.5
gene_2715	1858.667
gene_2716	1471
gene_2717	1179.5
gene_2718	788.9
gene_2719	1099
gene_2720	1234.429
gene_2721	775
gene_2722	1724.5
gene_2723	997
gene_2724	959.1176
gene_2725	1772.2
gene_2726	1727.538
gene_2727	4451.571
gene_2728	1557.667
gene_2729	2465.4
gene_2730	857.6429
gene_2731	1638
gene_2732	2830
gene_2733	1028.273
gene_2734	2322.182
gene_2735	1721.5
gene_2736	1374.833
gene_2737	1369.462
gene_2738	1606.923
gene_2739	1912
gene_2740	1044
gene_2741	2007
gene_2742	1071.591
gene_2743	2613
gene_2744	1289.8
gene_2745	1789.2
gene_2746	1625.167
gene_2747	1108.875
gene_2748	3732.333
gene_2749	2358.333
gene_2750	1220
gene_2751	1988.19
gene_2752	1417.778
gene_2753	997.5
gene_2754	1813.5
gene_2755	1690.571
gene_2756	566.6667
gene_2757	5805
gene_2758	2402.727
gene_2759	523
gene_2760	1643.8
gene_2761	739
gene_2762	1417.571
gene_2763	6535
gene_2764	1645.1
gene_2765	1632.625
gene_2766	1212
gene_2767	1858.292
gene_2768	1951.941
gene_2769	788.5
gene_2770	4405
gene_2771	997.5
gene_2772	1737
gene_2773	2031.4
gene_2774	3636.5
gene_2775	891.2
gene_2776	380
gene_2777	380
gene_2778	1705.375
gene_2779	1685
gene_2780	756.6667
gene_2781	2099.571
gene_2782	753
gene_2783	687
gene_2784	2270.5
gene_2785	3122
gene_2786	1273.727
gene_2787	1740.75
gene_2788	911.0909
gene_2789	1461.667
gene_2790	2413.833
gene_2791	1103.077
gene_2792	52
gene_2793	4329
gene_2794	4477.5
gene_2795	1203
gene_2796	2779
gene_2797	2561.5
gene_2798	1867.8
gene_2799	1868.667
gene_2800	1293.571
gene_2801	917.76
gene_2802	1146.083
gene_2803	570
gene_2804	1313.571
gene_2805	1531.5
gene_2806	772
gene_2807	5566.286
gene_2808	2020.75
gene_2809	2859.364
gene_2810	1186.8
gene_2811	1489.154
gene_2812	1257.5
gene_2813	4679.333
gene_2814	1258.333
gene_2815	1508.5
gene_2816	3215.25
gene_2817	1362.8
gene_2818	1472
gene_2819	1806.667
gene_2820	2928.667
gene_2821	3196.6
gene_2822	1867.286
gene_2823	1404.143
gene_2824	1450.167
gene_2825	2054
gene_2826	1976.5
gene_2827	5527
gene_2828	1171.4
gene_2829	2915.5
gene_2830	3994
gene_2831	2293
gene_2832	1828
gene_2833	1593.444
gene_2834	1796.2
gene_2835	643.8333
gene_2836	3024.5
gene_2837	3203.455
gene_2838	1938.478
gene_2839	899.9167
gene_2840	1787.143
gene_2841	938
gene_2842	1490.25
gene_2843	1513.333
gene_2844	933.8571
gene_2845	1219.4
gene_2846	1093.615
gene_2847	960.5217
gene_2848	493.5
gene_2849	1523
gene_2850	5510
gene_2851	765
gene_2852	1141.367
gene_2853	3779
gene_2854	1536.714
gene_2855	1201.167
gene_2856	1530.889
gene_2857	1805
gene_2858	737.8
gene_2859	912.6667
gene_2860	2013
gene_2861	1517
gene_2862	3705
gene_2863	722.375
gene_2864	1042
gene_2865	1106.657
gene_2866	1358.429
gene_2867	962.6
gene_2868	1484
gene_2869	911.1081
gene_2870	858.25
gene_2871	1513.667
gene_2872	1220.667
gene_2873	1307
gene_2874	1280.067
gene_2875	941.4667
gene_2876	2379.2
gene_2877	1033.75
gene_2878	1187.4
gene_2879	4434
gene_2880	1854
gene_2881	3808
gene_2882	1048
gene_2883	1286.154
gene_2884	3507.333
gene_2885	1778.667
gene_2886	532.75
gene_2887	1086.5
gene_2888	1812.667
gene_2889	3855.333
gene_2890	834.6667
gene_2891	1238
gene_2892	2024.846
gene_2893	1088
gene_2894	1514.5
gene_2895	1579.4
gene_2896	2177
gene_2897	1528
gene_2898	944
gene_2899	1277.636
gene_2900	1536.438
gene_2901	902.3
gene_2902	1167
gene_2903	1851.75
gene_2904	759.6667
gene_2905	628.5
gene_2906	922.2857
gene_2907	1184
gene_2908	1119.933
gene_2909	1344.125
gene_2910	3476
gene_2911	974
gene_2912	3123.5
gene_2913	1854.353
gene_2914	2204.167
gene_2915	953
gene_2916	1028.667
gene_2917	2099.182
gene_2918	4383.5
gene_2919	1728.333
gene_2920	768.1667
gene_2921	2366.6
gene_2922	465
gene_2923	967.6
gene_2924	1864.5
gene_2925	2525.625
gene_2926	3494
gene_2927	1366.909
gene_2928	183
gene_2929	405
gene_2930	5168
gene_2931	1497.077
gene_2932	2256.8
gene_2933	2841.6
gene_2934	1414.375
gene_2935	1954.5
gene_2936	577
gene_2937	1292.889
gene_2938	1308.19
gene_2939	1874.75
gene_2940	929
gene_2941	3018.778
gene_2942	1290.333
gene_2943	1825
gene_2944	1952.75
gene_2945	3051.5
gene_2946	1538.778
gene_2947	3321.5
gene_2948	976.6
gene_2949	586
gene_2950	1602.214
gene_2951	866.8
gene_2952	881
gene_2953	1174.724
gene_2954	1208.667
gene_2955	2785
gene_2956	3794
gene_2957	4603.5
gene_2958	849.5
gene_2959	1539.5
gene_2960	871.5
gene_2961	2191
gene_2962	1329.818
gene_2963	547.6667
gene_2964	3964.5
gene_2965	4002
gene_2966	1934.533
gene_2967	2338.2
gene_2968	1870.1
gene_2969	1703.455
gene_2970	1411.25
gene_2971	2535.5
gene_2972	1887
gene_2973	1758
gene_2974	4168
gene_2975	1815.667
gene_2976	2771.364
gene_2977	688.5
gene_2978	2090.167
gene_2979	931.8
gene_2980	907.3333
gene_2981	815.5
gene_2982	4528.2
gene_2983	406
gene_2984	497.25
gene_2985	2828.75
gene_2986	613
gene_2987	1215.556
gene_2988	2196
gene_2989	699.6667
gene_2990	1894
gene_2991	1710
gene_2992	1116.143
gene_2993	798
gene_2994	728.3333
gene_2995	1247
gene_2996	1403.111
gene_2997	889
gene_2998	1832.5
gene_2999	438.5
gene_3000	2797.909
gene_3001	1213
gene_3002	1176
gene_3003	2723.75
gene_3004	4461
gene_3005	887
gene_3006	235
gene_3007	1489.75
gene_3008	2841
gene_3009	523
gene_3010	3223
gene_3011	1510.6
gene_3012	945
gene_3013	1241
gene_3014	1195.6
gene_3015	1153.438
gene_3016	1318.2
gene_3017	9017
gene_3018	970.6364
gene_3019	1504.556
gene_3020	1974
gene_3021	941.4167
gene_3022	865.8
gene_3023	860.8125
gene_3024	2314
gene_3025	1401.067
gene_3026	1184.625
gene_3027	3715.833
gene_3028	7437
gene_3029	811
gene_3030	1409
gene_3031	1376
gene_3032	4845.5
gene_3033	2654.6
gene_3034	1363.364
gene_3035	455
gene_3036	392
gene_3037	3238.5
gene_3038	1353.4
gene_3039	1749.667
gene_3040	330
gene_3041	708.75
gene_3042	1353
gene_3043	5522
gene_3044	1633.923
gene_3045	1861.3
gene_3046	2346.667
gene_3047	2579.333
gene_3048	2341.833
gene_3049	2282.1
gene_3050	1557
gene_3051	1812
gene_3052	787.1667
gene_3053	2149.143
gene_3054	1634
gene_3055	2287.615
gene_3056	3343.6
gene_3057	1606.5
gene_3058	976.8
gene_3059	2775
gene_3060	1148
gene_3061	500
gene_3062	1135.364
gene_3063	1908
gene_3064	692.625
gene_3065	1515
gene_3066	1303.714
gene_3067	1149
gene_3068	938
gene_3069	1566.5
gene_3070	1436.333
gene_3071	1399.533
gene_3072	1764.333
gene_3073	2252.333
gene_3074	2403.75
gene_3075	2202.833
gene_3076	1769.333
gene_3077	2120.062
gene_3078	1062.25
gene_3079	4537
gene_3080	1924.4
gene_3081	1059.538
gene_3082	1702.333
gene_3083	940.7727
gene_3084	864.5
gene_3085	518.75
gene_3086	1925
gene_3087	1981.286
gene_3088	4889.833
gene_3089	2064
gene_3090	2734
gene_3091	903
gene_3092	2896
gene_3093	1161.8
gene_3094	2439.692
gene_3095	1588.179
gene_3096	4399.25
gene_3097	2090.875
gene_3098	2119.75
gene_3099	1446
gene_3100	2658.5
gene_3101	1267.333
gene_3102	1552
gene_3103	707
gene_3104	1389.667
gene_3105	1485.6
gene_3106	3412
gene_3107	874
gene_3108	1703
gene_3109	5819
gene_3110	5209
gene_3111	537.25
gene_3112	3874.5
gene_3113	1625.833
gene_3114	4338.688
gene_3115	2659
gene_3116	3157.667
gene_3117	4777
gene_3118	2013.4
gene_3119	1241.25
gene_3120	727
gene_3121	1695.25
gene_3122	1466.833
gene_3123	4746
gene_3124	1310.714
gene_3125	872.5
gene_3126	1516.75
gene_3127	1470
gene_3128	1880.207
gene_3129	1302.4
gene_3130	2978
gene_3131	882
gene_3132	856.6
gene_3133	868.3333
gene_3134	1051.5
gene_3135	2323.167
gene_3136	2531.2
gene_3137	1048.2
gene_3138	1040
gene_3139	1714.357
gene_3140	840
gene_3141	911
gene_3142	1419.75
gene_3143	2880.4
gene_3144	977
gene_3145	1440.167
gene_3146	775.6667
gene_3147	1584.154
gene_3148	1533.286
gene_3149	2377
gene_3150	1025.25
gene_3151	4782.5
gene_3152	897.2
gene_3153	463.1429
gene_3154	863
gene_3155	1302.476
gene_3156	1115
gene_3157	1685
gene_3158	1640
gene_3159	1108
gene_3160	1195
gene_3161	1955.25
gene_3162	937.8333
gene_3163	1534.4
gene_3164	1179
gene_3165	1281.333
gene_3166	5708
gene_3167	874
gene_3168	1269.214
gene_3169	2084.429
gene_3170	1001.25
gene_3171	3914.25
gene_3172	923
gene_3173	4120.5
gene_3174	1815
gene_3175	2000
gene_3176	1433
gene_3177	3460
gene_3178	1128.167
gene_3179	3120.333
gene_3180	1683.429
gene_3181	1574.5
gene_3182	1481
gene_3183	1322.621
gene_3184	1619.25
gene_3185	6118
gene_3186	7666
gene_3187	972.3333
gene_3188	679.4
gene_3189	1227.933
gene_3190	1125
gene_3191	2753.5
gene_3192	1499
gene_3193	981.8333
gene_3194	1022.667
gene_3195	1161.333
gene_3196	1261.357
gene_3197	4964
gene_3198	2020.2
gene_3199	1121.625
gene_3200	1198.167
gene_3201	1199
gene_3202	1054.571
gene_3203	1252.545
gene_3204	1104.552
gene_3205	1327
gene_3206	1090.526
gene_3207	1193.833
gene_3208	3254
gene_3209	1110.143
gene_3210	3157.833
gene_3211	2334.25
gene_3212	2324.5
gene_3213	1343
gene_3214	2179.286
gene_3215	4906
gene_3216	1737.333
gene_3217	1145.5
gene_3218	31
gene_3219	2463.8
gene_3220	929.3846
gene_3221	1237
gene_3222	1164.143
gene_3223	5038
gene_3224	2372
gene_3225	734.3333
gene_3226	1329.111
gene_3227	1039.5
gene_3228	3517.5
gene_3229	2106.333
gene_3230	1596.2
gene_3231	3212.571
gene_3232	1545.75
gene_3233	1593.125
gene_3234	1058.927
gene_3235	1341.25
gene_3236	2635.625
gene_3237	925.25
gene_3238	1673.533
gene_3239	2017.714
gene_3240	4448.167
gene_3241	3177.8
gene_3242	967.84
gene_3243	1840.5
gene_3244	3996.333
gene_3245	2219.75
gene_3246	1433
gene_3247	1012
gene_3248	1021
gene_3249	2125.889
gene_3250	12830
gene_3251	10084
gene_3252	1342.1
gene_3253	1556.643
gene_3254	1932.583
gene_3255	797.8
gene_3256	3434
gene_3257	2007.333
gene_3258	60
gene_3259	688.5714
gene_3260	3766.667
gene_3261	3295
gene_3262	1152.75
gene_3263	935
gene_3264	1591.333
gene_3265	838
gene_3266	2819
gene_3267	947
gene_3268	1538.5
gene_3269	2488.5
gene_3270	2739.25
gene_3271	1997.625
gene_3272	2874.25
gene_3273	2080.333
gene_3274	762
gene_3275	1577.25
gene_3276	2496.25
gene_3277	3953
gene_3278	2552
gene_3279	1404.5
gene_3280	1956.5
gene_3281	2697.667
gene_3282	738.619
gene_3283	1054.133
gene_3284	3755
gene_3285	1664.111
gene_3286	2087.75
gene_3287	1436
gene_3288	1546
gene_3289	1454.714
gene_3290	450.6667
gene_3291	2446
gene_3292	2124.75
gene_3293	1763.5
gene_3294	1565.6
gene_3295	929
gene_3296	1024.625
gene_3297	1952
gene_3298	1100.211
gene_3299	1628
gene_3300	1273
gene_3301	1060.1
gene_3302	967
gene_3303	1311.5
gene_3304	1660.6
gene_3305	2168
gene_3306	2313.6
gene_3307	2052.5
gene_3308	1924
gene_3309	3600.75
gene_3310	981.5714
gene_3311	1336.667
gene_3312	1900.091
gene_3313	1790.429
gene_3314	736
gene_3315	1395.75
gene_3316	1705.5
gene_3317	513.3333
gene_3318	660.3333
gene_3319	5693
gene_3320	1241.375
gene_3321	1096.933
gene_3322	1293.625
gene_3323	1270.444
gene_3324	1515.9
gene_3325	1040.778
gene_3326	1557.091
gene_3327	957.5
gene_3328	4696.5
gene_3329	1941.652
gene_3330	2079.429
gene_3331	2315.25
gene_3332	863.1111
gene_3333	2201
gene_3334	677.2
gene_3335	2022.833
gene_3336	2339.111
gene_3337	1291.154
gene_3338	1858.75
gene_3339	691.5
gene_3340	1836.75
gene_3341	1954.2
gene_3342	3969
gene_3343	1016.75
gene_3344	3253.4
gene_3345	1445.357
gene_3346	2094.409
gene_3347	2589.167
gene_3348	2153.333
gene_3349	1455.625
gene_3350	2105
gene_3351	876.3889
gene_3352	1874.4
gene_3353	1108.333
gene_3354	1415.667
gene_3355	960.1111
gene_3356	1981
gene_3357	2309
gene_3358	6012.333
gene_3359	997
gene_3360	2789.2
gene_3361	1417.857
gene_3362	772
gene_3363	3625
gene_3364	1243
gene_3365	1247
gene_3366	984
gene_3367	4042.875
gene_3368	1105.3
gene_3369	1202.75
gene_3370	1521.5
gene_3371	2561.167
gene_3372	1301.6
gene_3373	1848.611
gene_3374	1978.125
gene_3375	1369.857
gene_3376	2441.333
gene_3377	1509.3
gene_3378	1566.714
gene_3379	1251.152
gene_3380	998.3077
gene_3381	2265.182
gene_3382	1611.778
gene_3383	3792
gene_3384	2013.833
gene_3385	2740
gene_3386	977
gene_3387	1132.6
gene_3388	2236
gene_3389	2202
gene_3390	3093
gene_3391	1180.652
gene_3392	1722.667
gene_3393	5283
gene_3394	1516
gene_3395	947.6522
gene_3396	689
gene_3397	597.5
gene_3398	976.3333
gene_3399	2539.538
gene_3400	1128.611
gene_3401	1226.893
gene_3402	1198.667
gene_3403	2836.333
gene_3404	1346.75
gene_3405	4288.25
gene_3406	945.3333
gene_3407	1934.4
gene_3408	1255.333
gene_3409	3996.25
gene_3410	1461
gene_3411	1869.3
gene_3412	1028.154
gene_3413	2782.615
gene_3414	2419.5
gene_3415	595
gene_3416	1426.722
gene_3417	1749.222
gene_3418	2131.571
gene_3419	3643
gene_3420	1165.333
gene_3421	1091.316
gene_3422	656.75
gene_3423	238
gene_3424	1934
gene_3425	1387.8
gene_3426	2526.25
gene_3427	4597.5
gene_3428	938
gene_3429	2984.5
gene_3430	1284
gene_3431	1696.571
gene_3432	1476.5
gene_3433	1373.1
gene_3434	2682.75
gene_3435	3958
gene_3436	2416
gene_3437	2082.143
gene_3438	2067
gene_3439	1267.643
gene_3440	3583
gene_3441	1983.25
gene_3442	2826.5
gene_3443	780.25
gene_3444	1679.5
gene_3445	3354.625
gene_3446	1328.65
gene_3447	436
gene_3448	1798.105
gene_3449	1767.111
gene_3450	944
gene_3451	3745.143
gene_3452	2082.167
gene_3453	1231.5
gene_3454	1475.625
gene_3455	1034.958
gene_3456	1149.25
gene_3457	2175.095
gene_3458	1975.75
gene_3459	831
gene_3460	5579
gene_3461	886.2
gene_3462	1801.2
gene_3463	1223.273
gene_3464	941
gene_3465	1339.556
gene_3466	1545.308
gene_3467	3387
gene_3468	1348.438
gene_3469	4553
gene_3470	1397.375
gene_3471	1223.778
gene_3472	2314.444
gene_3473	1312.154
gene_3474	3013.667
gene_3475	9048
gene_3476	1513.333
gene_3477	1551.75
gene_3478	754.4706
gene_3479	1169.875
gene_3480	2164.333
gene_3481	1565.25
gene_3482	1909.5
gene_3483	1416.227
gene_3484	967.3333
gene_3485	2531.5
gene_3486	1161.231
gene_3487	1173.515
gene_3488	1172
gene_3489	621.6667
gene_3490	3724
gene_3491	1234.176
gene_3492	1123
gene_3493	2830.222
gene_3494	834
gene_3495	1210.75
gene_3496	1215.25
gene_3497	2227
gene_3498	2689.778
gene_3499	1750
gene_3500	607.6667
gene_3501	4080
gene_3502	1131.5
gene_3503	4428
gene_3504	919.8
gene_3505	1418.25
gene_3506	947
gene_3507	5242.5
gene_3508	1051.5
gene_3509	2480.667
gene_3510	1215.333
gene_3511	920.55
gene_3512	3000.92
gene_3513	2948
gene_3514	1353.583
gene_3515	356.5
gene_3516	2956.818
gene_3517	4442
gene_3518	3357
gene_3519	2042.667
gene_3520	1140.333
gene_3521	1775
gene_3522	1510.5
gene_3523	2199.5
gene_3524	412.5
gene_3525	1459
gene_3526	4277.833
gene_3527	2873
gene_3528	875.5556
gene_3529	2125.429
gene_3530	762.8
gene_3531	1532
gene_3532	1430.571
gene_3533	1234.875
gene_3534	1455.429
gene_3535	1664
gene_3536	3267.1
gene_3537	1572
gene_3538	1674.375
gene_3539	1886.333
gene_3540	1505
gene_3541	1243.091
gene_3542	1780.154
gene_3543	1831.4
gene_3544	4133.188
gene_3545	3682.778
gene_3546	1090.667
gene_3547	1421.3
gene_3548	1469
gene_3549	1999.294
gene_3550	1322.545
gene_3551	3368
gene_3552	977
gene_3553	6544.5
gene_3554	1382
gene_3555	1140.4
gene_3556	2186.636
gene_3557	4261
gene_3558	1412.364
gene_3559	3643
gene_3560	3240.727
gene_3561	1044.833
gene_3562	9840
gene_3563	1986.774
gene_3564	7478
gene_3565	2466
gene_3566	2041
gene_3567	1469
gene_3568	1197.333
gene_3569	2118.25
gene_3570	1234.188
gene_3571	410
gene_3572	1935.5
gene_3573	1518.5
gene_3574	2617
gene_3575	764.3043
gene_3576	1921.538
gene_3577	626.7778
gene_3578	5954
gene_3579	1207.2
gene_3580	2596
gene_3581	1224.5
gene_3582	374
gene_3583	1667.133
gene_3584	563.5
gene_3585	4760.692
gene_3586	4067
gene_3587	2582
gene_3588	747.9
gene_3589	1212.667
gene_3590	6037.5
gene_3591	2462.562
gene_3592	1187.25
gene_3593	1577.5
gene_3594	1821.667
gene_3595	2118.333
gene_3596	1733.583
gene_3597	1284.643
gene_3598	986
gene_3599	1190.1
gene_3600	1411.625
gene_3601	661.5
gene_3602	3884.333
gene_3603	1239.583
gene_3604	2038
gene_3605	1613.5
gene_3606	682.3333
gene_3607	1613.167
gene_3608	1272.6
gene_3609	1288
gene_3610	4577.6
gene_3611	1627.167
gene_3612	3837.75
gene_3613	1922
gene_3614	940
gene_3615	1359.667
gene_3616	1780.5
gene_3617	1569.857
gene_3618	4251
gene_3619	785.25
gene_3620	878.375
gene_3621	1708.75
gene_3622	592
gene_3623	1491.308
gene_3624	1728
gene_3625	9311
gene_3626	581.2222
gene_3627	1153.368
gene_3628	1120.667
gene_3629	928.4
gene_3630	1317
gene_3631	382
gene_3632	1263
gene_3633	599.5
gene_3634	1374.571
gene_3635	924.6
gene_3636	3908
gene_3637	1486.667
gene_3638	3145.25
gene_3639	3081
gene_3640	1214.667
gene_3641	1309
gene_3642	589.875
gene_3643	2004.375
gene_3644	3717.5
gene_3645	2084.333
gene_3646	1192.5
gene_3647	3018.778
gene_3648	2069.167
gene_3649	1582.286
gene_3650	614
gene_3651	4501.25
gene_3652	1217.2
gene_3653	1269.375
gene_3654	439
gene_3655	2654.333
gene_3656	2075.483
gene_3657	915
gene_3658	1180.2
gene_3659	1052.308
gene_3660	1347.778
gene_3661	4424.5
gene_3662	4874.889
gene_3663	3257
gene_3664	727.5
gene_3665	500
gene_3666	3139.6
gene_3667	1208.429
gene_3668	2284
gene_3669	1053.727
gene_3670	5013.6
gene_3671	1709.286
gene_3672	1264.167
gene_3673	1671.286
gene_3674	1822.833
gene_3675	777.3333
gene_3676	1124.833
gene_3677	1382.25
gene_3678	1240.2
gene_3679	876.875
gene_3680	395
gene_3681	1138.429
gene_3682	2525.154
gene_3683	1464.85
gene_3684	296
gene_3685	962
gene_3686	1044.6
gene_3687	1465.364
gene_3688	1585.273
gene_3689	2328.833
gene_3690	2122.5
gene_3691	7284.75
gene_3692	3697.5
gene_3693	1799.667
gene_3694	999.75
gene_3695	3517.25
gene_3696	1470
gene_3697	865.8333
gene_3698	2061.556
gene_3699	1012.667
gene_3700	1112.615
gene_3701	3016.5
gene_3702	1638
gene_3703	1197.789
gene_3704	6010.333
gene_3705	475
gene_3706	2292.167
gene_3707	6422.5
gene_3708	1275
gene_3709	1103
gene_3710	8318
gene_3711	2198
gene_3712	2548.786
gene_3713	2147
gene_3714	1489.667
gene_3715	1773.111
gene_3716	1214
gene_3717	1647.8
gene_3718	1358.833
gene_3719	4954
gene_3720	1195.125
gene_3721	4247
gene_3722	2216.333
gene_3723	1013
gene_3724	1459.375
gene_3725	2005
gene_3726	1010.4
gene_3727	1188
gene_3728	2462.6
gene_3729	961.25
gene_3730	6460.25
gene_3731	2483.333
gene_3732	812
gene_3733	2019.538
gene_3734	4195
gene_3735	1793.765
gene_3736	836.2857
gene_3737	948.4
gene_3738	1524.964
gene_3739	2833.222
gene_3740	1215.679
gene_3741	2156.286
gene_3742	1049
gene_3743	1040
gene_3744	1046.5
gene_3745	1599
gene_3746	2131.6
gene_3747	1542
gene_3748	1138
gene_3749	992.25
gene_3750	3530
gene_3751	3439
gene_3752	2749.077
gene_3753	2511
gene_3754	1531.182
gene_3755	3486.5
gene_3756	1075.833
gene_3757	1740.5
gene_3758	1018.091
gene_3759	3409
gene_3760	7077
gene_3761	2191.667
gene_3762	1297.5
gene_3763	1663.333
gene_3764	1955.9
gene_3765	2902
gene_3766	1263.214
gene_3767	4346
gene_3768	2616
gene_3769	2262.2
gene_3770	1320.75
gene_3771	2833.667
gene_3772	1707.333
gene_3773	1828.308
gene_3774	2214.571
gene_3775	8209
gene_3776	1054.667
gene_3777	2138.8
gene_3778	2637.333
gene_3779	1863
gene_3780	884.7273
gene_3781	1302
gene_3782	1724.667
gene_3783	2093.429
gene_3784	1898.667
gene_3785	906
gene_3786	1163.667
gene_3787	2960.25
gene_3788	1010.625
gene_3789	1657
gene_3790	856.28
gene_3791	563.25
gene_3792	3281.4
gene_3793	3412.75
gene_3794	1158.727
gene_3795	927.375
gene_3796	1920
gene_3797	1545.065
gene_3798	3448.8
gene_3799	1107.583
gene_3800	1446.591
gene_3801	1226.875
gene_3802	1445.45
gene_3803	1374
gene_3804	2601.5
gene_3805	1621.833
gene_3806	2035
gene_3807	717
gene_3808	2329
gene_3809	1383.2
gene_3810	1094.7
gene_3811	1319
gene_3812	1203.1
gene_3813	1386.6
gene_3814	790.25
gene_3815	1778.5
gene_3816	1719.667
gene_3817	2419
gene_3818	1628.8
gene_3819	896
gene_3820	895.75
gene_3821	1669
gene_3822	968.7143
gene_3823	1051.136
gene_3824	1444.333
gene_3825	1718.857
gene_3826	1147.588
gene_3827	581.3333
gene_3828	1355.933
gene_3829	1517
gene_3830	2202.769
gene_3831	3004
gene_3832	855.6
gene_3833	1128.867
gene_3834	1755
gene_3835	1008
gene_3836	1154.5
gene_3837	1207.619
gene_3838	2370.778
gene_3839	1265.083
gene_3840	531.5
gene_3841	2310
gene_3842	1039.5
gene_3843	1132.5
gene_3844	1036
gene_3845	1799.667
gene_3846	2878.917
gene_3847	948.75
gene_3848	970.2857
gene_3849	870.5714
gene_3850	541.5
gene_3851	1034.667
gene_3852	1082.1
gene_3853	1520.308
gene_3854	751
gene_3855	781
gene_3856	3307.75
gene_3857	1538.625
gene_3858	2667
gene_3859	3548
gene_3860	6520
gene_3861	2470.667
gene_3862	1400.875
gene_3863	1360.267
gene_3864	1275.6
gene_3865	1290.75
gene_3866	1888.143
gene_3867	965.2
gene_3868	1992.667
gene_3869	512.3333
gene_3870	858.6667
gene_3871	1633
gene_3872	887.5714
gene_3873	3328.2
gene_3874	749.5
gene_3875	1941
gene_3876	3006.778
gene_3877	932
gene_3878	4562.5
gene_3879	1334.778
gene_3880	1619.462
gene_3881	702.5
gene_3882	1617
gene_3883	1017.167
gene_3884	1202.5
gene_3885	3877
gene_3886	1888
gene_3887	591
gene_3888	1330.136
gene_3889	1069.5
gene_3890	2613
gene_3891	4149.333
gene_3892	1480.5
gene_3893	2941.8
gene_3894	1793.667
gene_3895	706.5
gene_3896	1370.375
gene_3897	1951.75
gene_3898	850.2
gene_3899	1573.667
gene_3900	2020.667
gene_3901	2261.6
gene_3902	1333.105
gene_3903	784.6667
gene_3904	1251.25
gene_3905	4942
gene_3906	1722.333
gene_3907	914
gene_3908	587
gene_3909	882.375
gene_3910	2789.75
gene_3911	1534.125
gene_3912	1346.812
gene_3913	1254
gene_3914	1565
gene_3915	2833.273
gene_3916	5830
gene_3917	708.3333
gene_3918	1274.167
gene_3919	1944.25
gene_3920	4342.818
gene_3921	1046.889
gene_3922	1793
gene_3923	976.8333
gene_3924	2428.4
gene_3925	1045.933
gene_3926	1404.167
gene_3927	1735.111
gene_3928	1412.429
gene_3929	1477.429
gene_3930	682.25
gene_3931	4915
gene_3932	1413.375
gene_3933	2032.5
gene_3934	1023.5
gene_3935	4325.5
gene_3936	2636.286
gene_3937	712
gene_3938	3263.375
gene_3939	2542.5
gene_3940	3441
gene_3941	1406.6
gene_3942	1008.2
gene_3943	1416
gene_3944	496.6
gene_3945	960
gene_3946	750
gene_3947	1844
gene_3948	941
gene_3949	1946
gene_3950	5001
gene_3951	1563.75
gene_3952	2044.25
gene_3953	3402.667
gene_3954	4802.75
gene_3955	1468
gene_3956	3019
gene_3957	2267.692
gene_3958	1734
gene_3959	1335
gene_3960	3377.429
gene_3961	9669.5
gene_3962	1035.375
gene_3963	1683
gene_3964	1746.857
gene_3965	2618.5
gene_3966	1556
gene_3967	1670.75
gene_3968	1137.909
gene_3969	1199.2
gene_3970	707.5
gene_3971	1035.75
gene_3972	788
gene_3973	1331
gene_3974	3414.667
gene_3975	6897
gene_3976	2904.667
gene_3977	1063.667
gene_3978	3825.75
gene_3979	1367
gene_3980	857.8125
gene_3981	1667.062
gene_3982	928.8571
gene_3983	754
gene_3984	1993
gene_3985	1439
gene_3986	1589.286
gene_3987	797.8333
gene_3988	1371.7
gene_3989	1746.375
gene_3990	2156.75
gene_3991	5853
gene_3992	1871
gene_3993	3004
gene_3994	3310
gene_3995	2763
gene_3996	1690.2
gene_3997	1496.875
gene_3998	1163.556
gene_3999	1522
gene_4000	1891.158
gene_4001	374
gene_4002	1541.273
gene_4003	845.5556
gene_4004	2119.375
gene_4005	1954.5
gene_4006	1185.739
gene_4007	2732
gene_4008	1568.833
gene_4009	1052.4
gene_4010	2909.5
gene_4011	383
gene_4012	1716.75
gene_4013	1805.25
gene_4014	1431.875
gene_4015	2869.143
gene_4016	1564.5
gene_4017	1777.25
gene_4018	1554.6
gene_4019	1211.947
gene_4020	1473.75
gene_4021	1042.4
gene_4022	1165
gene_4023	3197
gene_4024	2477
gene_4025	1358
gene_4026	1260.111
gene_4027	589.5
gene_4028	3590
gene_4029	923
gene_4030	1722.25
gene_4031	1828.5
gene_4032	2617.6
gene_4033	1350.333
gene_4034	887.1
gene_4035	1310.818
gene_4036	956
gene_4037	1577
gene_4038	1588.75
gene_4039	944
gene_4040	1840.667
gene_4041	1822.2
gene_4042	1899.857
gene_4043	1715
gene_4044	2095.111
gene_4045	2086.312
gene_4046	1457.091
gene_4047	1112.5
gene_4048	1063.5
gene_4049	1489.444
gene_4050	1177.632
gene_4051	915
gene_4052	1359.143
gene_4053	2226.5
gene_4054	1229.375
gene_4055	2051.158
gene_4056	3308
gene_4057	1421
gene_4058	4529.75
gene_4059	1261.6
gene_4060	1593.333
gene_4061	1385.5
gene_4062	842.4286
gene_4063	1875
gene_4064	2457.625
gene_4065	559
gene_4066	748
gene_4067	1928.25
gene_4068	3865
gene_4069	2582.333
gene_4070	705
gene_4071	7613
gene_4072	800
gene_4073	814
gene_4074	2824.4
gene_4075	2105
gene_4076	761
gene_4077	1389.5
gene_4078	4149.75
gene_4079	1080.333
gene_4080	1185
gene_4081	3622.5
gene_4082	2538.4
gene_4083	824.6667
gene_4084	3095
gene_4085	1587.538
gene_4086	1492.2
gene_4087	1721.6
gene_4088	395.5
gene_4089	1191.25
gene_4090	2049.538
gene_4091	1621.417
gene_4092	1000
gene_4093	1287.6
gene_4094	578
gene_4095	982.5
gene_4096	1319.455
gene_4097	1343.455
gene_4098	2620.571
gene_4099	3771.154
gene_4100	1426.25
gene_4101	1434.429
gene_4102	3058.333
gene_4103	945.2308
gene_4104	1671.5
gene_4105	2673.133
gene_4106	938
gene_4107	3522.5
gene_4108	2517.778
gene_4109	1647
gene_4110	974.75
gene_4111	2233.25
gene_4112	3403
gene_4113	970.8182
gene_4114	1633.111
gene_4115	2595.5
gene_4116	1380.5
gene_4117	2148.294
gene_4118	1767.333
gene_4119	2916.556
gene_4120	962
gene_4121	1207.5
gene_4122	1216.2
gene_4123	1272.5
gene_4124	1729.4
gene_4125	1439
gene_4126	2078.5
gene_4127	1059.765
gene_4128	872
gene_4129	1473.067
gene_4130	1496
gene_4131	1083.5
gene_4132	1635.75
gene_4133	1696
gene_4134	934
gene_4135	2173
gene_4136	587.6667
gene_4137	3323
gene_4138	4037
gene_4139	778.3333
gene_4140	522
gene_4141	1167.5
gene_4142	2499.4
gene_4143	1614.286
gene_4144	825
gene_4145	1326.222
gene_4146	1001.8
gene_4147	1919.667
gene_4148	3724.667
gene_4149	2974.25
gene_4150	4794
gene_4151	2096.875
gene_4152	976
gene_4153	2254.909
gene_4154	1280.3
gene_4155	346.5
gene_4156	2145.25
gene_4157	1346.4
gene_4158	1803.2
gene_4159	1192.2
gene_4160	1556.5
gene_4161	1369
gene_4162	1271.2
gene_4163	2317.1
gene_4164	1376
gene_4165	1393.227
gene_4166	1462.2
gene_4167	968.1111
gene_4168	1153.714
gene_4169	5319.667
gene_4170	1359
gene_4171	1374
gene_4172	1556.176
gene_4173	1326.385
gene_4174	1462.133
gene_4175	481
gene_4176	689
gene_4177	1524.5
gene_4178	1253.167
gene_4179	1926.667
gene_4180	3023.444
gene_4181	1895.4
gene_4182	1149
gene_4183	805
gene_4184	562.1667
gene_4185	2128.333
gene_4186	2607.286
gene_4187	1020.857
gene_4188	1072.7
gene_4189	3911.857
gene_4190	1043
gene_4191	2113.571
gene_4192	2662.25
gene_4193	1674.25
gene_4194	1068
gene_4195	383
gene_4196	1093.889
gene_4197	896.9167
gene_4198	856.6
gene_4199	1928.409
gene_4200	1661.286
gene_4201	4252
gene_4202	1952.6
gene_4203	1909
gene_4204	938.9231
gene_4205	1879
gene_4206	27165
gene_4207	1224.615
gene_4208	2662.667
gene_4209	1271.833
gene_4210	1461.75
gene_4211	2778.5
gene_4212	40
gene_4213	836.4545
gene_4214	3023
gene_4215	3112
gene_4216	518
gene_4217	374
gene_4218	2542
gene_4219	1540.5
gene_4220	2921.5
gene_4221	1393
gene_4222	1880
gene_4223	1017.312
gene_4224	1488.2
gene_4225	763
gene_4226	1789.857
gene_4227	1691
gene_4228	1044.889
gene_4229	2448.077
gene_4230	1821
gene_4231	3065.214
gene_4232	2411
gene_4233	698.5
gene_4234	4532.5
gene_4235	1685
gene_4236	3195.222
gene_4237	1197
gene_4238	2251.727
gene_4239	1087.714
gene_4240	1490
gene_4241	1955.25
gene_4242	1792.5
gene_4243	1858.8
gene_4244	1130.143
gene_4245	3257.682
gene_4246	1827.375
gene_4247	2954
gene_4248	1113
gene_4249	1132.4
gene_4250	1034
gene_4251	2801
gene_4252	2086.769
gene_4253	1303.875
gene_4254	4334.5
gene_4255	1983
gene_4256	1757
gene_4257	5916.5
gene_4258	1855
gene_4259	1518.8
gene_4260	1424.538
gene_4261	590.6667
gene_4262	1171
gene_4263	1581.2
gene_4264	1363.333
gene_4265	1287
gene_4266	238
gene_4267	1509.231
gene_4268	1043.727
gene_4269	943.5556
gene_4270	585.5
gene_4271	1179
gene_4272	1041
gene_4273	1000
gene_4274	1913
gene_4275	439
gene_4276	1531.143
gene_4277	1455.7
gene_4278	1368.636
gene_4279	989
gene_4280	619
gene_4281	1519
gene_4282	1250.5
gene_4283	824.5
gene_4284	1781.727
gene_4285	5228.667
gene_4286	556
gene_4287	831.875
gene_4288	1220.552
gene_4289	7254
gene_4290	527.5
gene_4291	3298
gene_4292	1874.25
gene_4293	1197
gene_4294	1584
gene_4295	957
gene_4296	4489
gene_4297	2467.333
gene_4298	1392.2
gene_4299	895.5238
gene_4300	886.8125
gene_4301	2096.5
gene_4302	2578.667
gene_4303	2787.333
gene_4304	2325.556
gene_4305	919.6667
gene_4306	2096.667
gene_4307	2144.167
gene_4308	778
gene_4309	1269.75
gene_4310	1310.25
gene_4311	597
gene_4312	1285.75
gene_4313	2864
gene_4314	2204
gene_4315	148
gene_4316	1484
gene_4317	3297.5
gene_4318	2940
gene_4319	3845
gene_4320	3189.688
gene_4321	1031
gene_4322	5179.5
gene_4323	619.8
gene_4324	4226.5
gene_4325	4272
gene_4326	2997.5
gene_4327	748
gene_4328	1081.176
gene_4329	998.3333
gene_4330	1535
gene_4331	1407.2
gene_4332	1651.727
gene_4333	1323.5
gene_4334	2804
gene_4335	2003.955
gene_4336	576.5
gene_4337	4175.333
gene_4338	3481.25
gene_4339	665.6667
gene_4340	2441.7
gene_4341	4823
gene_4342	1130.474
gene_4343	1892.5
gene_4344	1420.444
gene_4345	1660
gene_4346	132
gene_4347	1206.769
gene_4348	1908.8
gene_4349	3042.5
gene_4350	911.125
gene_4351	908.2857
gene_4352	1800.727
gene_4353	1279
gene_4354	3488
gene_4355	1284.357
gene_4356	1981.8
gene_4357	1166.333
gene_4358	2545.778
gene_4359	1561.333
gene_4360	597.5
gene_4361	929
gene_4362	1928
gene_4363	380
gene_4364	776.5
gene_4365	1874.3
gene_4366	1810
gene_4367	4076
gene_4368	1185.25
gene_4369	1571
gene_4370	979
gene_4371	830
gene_4372	562.5
gene_4373	974
gene_4374	1521.273
gene_4375	6241.333
gene_4376	2173.2
gene_4377	1191.5
gene_4378	816.8182
gene_4379	5333.286
gene_4380	2380
gene_4381	1642.833
gene_4382	1696.5
gene_4383	1457.15
gene_4384	819.1429
gene_4385	2003
gene_4386	850.3333
gene_4387	1501.455
gene_4388	3065.85
gene_4389	1411
gene_4390	1206.533
gene_4391	1565.333
gene_4392	4664.667
gene_4393	2044
gene_4394	1479
gene_4395	1898.7
gene_4396	1686.778
gene_4397	4581.5
gene_4398	3116
gene_4399	1014.5
gene_4400	1171.833
gene_4401	1030.778
gene_4402	61
gene_4403	3468
gene_4404	1327.333
gene_4405	820
gene_4406	3115.833
gene_4407	1030.75
gene_4408	1543.583
gene_4409	971
gene_4410	1291
gene_4411	1854
gene_4412	3807
gene_4413	1183.786
gene_4414	2219.333
gene_4415	2272.333
gene_4416	2060.667
gene_4417	1377.438
gene_4418	717
gene_4419	938.4615
gene_4420	4813.5
gene_4421	2504.7
gene_4422	878
gene_4423	4822
gene_4424	1756.667
gene_4425	1188.8
gene_4426	855.5
gene_4427	1373
gene_4428	712.7857
gene_4429	2033.3
gene_4430	4625.711
gene_4431	1128
gene_4432	988.7667
gene_4433	1337.25
gene_4434	1839
gene_4435	987.9744
gene_4436	1529
gene_4437	846.6667
gene_4438	1449
gene_4439	977
gene_4440	1462.889
gene_4441	1481.941
gene_4442	1402.933
gene_4443	1984.429
gene_4444	2358
gene_4445	1010
gene_4446	1048.857
gene_4447	1040
gene_4448	1223.429
gene_4449	1703
gene_4450	695.9231
gene_4451	1519
gene_4452	1198.5
gene_4453	1486
gene_4454	1006.5
gene_4455	1435.083
gene_4456	2613.857
gene_4457	947
gene_4458	1695.75
gene_4459	1963.429
gene_4460	1798.714
gene_4461	938
gene_4462	1961
gene_4463	2283.167
gene_4464	876.375
gene_4465	1839.862
gene_4466	3212.5
gene_4467	1314.267
gene_4468	1231.889
gene_4469	1389.667
gene_4470	1671
gene_4471	1434.438
gene_4472	1109.25
gene_4473	1377.833
gene_4474	1254
gene_4475	1213.544
gene_4476	1515.2
gene_4477	1001.643
gene_4478	1268.857
gene_4479	1280.167
gene_4480	4250
gene_4481	2351
gene_4482	1145
gene_4483	1610.4
gene_4484	1303.2
gene_4485	1575.214
gene_4486	1223.571
gene_4487	3125.5
gene_4488	1504
gene_4489	1289.333
gene_4490	2574
gene_4491	1599.8
gene_4492	4781.5
gene_4493	1111.048
gene_4494	728
gene_4495	970.1
gene_4496	3791.5
gene_4497	8995.083
gene_4498	3592.25
gene_4499	1069.2
gene_4500	2798.571
gene_4501	1075
gene_4502	1554.143
gene_4503	1183
gene_4504	1836.857
gene_4505	1873.571
gene_4506	2315.5
gene_4507	3853.167
gene_4508	947
gene_4509	4350
gene_4510	1166
gene_4511	1112.85
gene_4512	1777.273
gene_4513	752
gene_4514	850.7778
gene_4515	8515.5
gene_4516	1158.286
gene_4517	1889.522
gene_4518	2324.4
gene_4519	2708.273
gene_4520	1247.25
gene_4521	1552.3
gene_4522	1287.5
gene_4523	1311
gene_4524	900.1
gene_4525	2432.143
gene_4526	1519.667
gene_4527	1823.167
gene_4528	702.75
gene_4529	944
gene_4530	3235.75
gene_4531	537.8889
gene_4532	1599
gene_4533	4653.2
gene_4534	732.3333
gene_4535	1452.077
gene_4536	1937
gene_4537	4273.667
gene_4538	2116
gene_4539	1458.222
gene_4540	1535.917
gene_4541	825
gene_4542	1078
gene_4543	6127
gene_4544	1156
gene_4545	2590
gene_4546	1302
gene_4547	1040.167
gene_4548	2035
gene_4549	696.1111
gene_4550	1335.923
gene_4551	2996.75
gene_4552	2873.071
gene_4553	2468.667
gene_4554	2384.625
gene_4555	1014.286
gene_4556	1119.692
gene_4557	1488.182
gene_4558	1618
gene_4559	887.52
gene_4560	1190.667
gene_4561	5610
gene_4562	1028.5
gene_4563	3082.75
gene_4564	2528.353
gene_4565	1271.333
gene_4566	1017.333
gene_4567	2283
gene_4568	2927
gene_4569	2040.3
gene_4570	1254.6
gene_4571	1332.833
gene_4572	1235
gene_4573	930.2857
gene_4574	2028.846
gene_4575	1068.739
gene_4576	558.5
gene_4577	3654.4
gene_4578	1502.75
gene_4579	1008.786
gene_4580	3565
gene_4581	3331.056
gene_4582	826.3333
gene_4583	1174.2
gene_4584	1929.375
gene_4585	1318.562
gene_4586	1040.5
gene_4587	1714
gene_4588	2315.5
gene_4589	3584
gene_4590	1258.6
gene_4591	1367.833
gene_4592	1021
gene_4593	1880
gene_4594	2578.2
gene_4595	703.6
gene_4596	1820
gene_4597	2118
gene_4598	894
gene_4599	964.4643
gene_4600	1276
gene_4601	1463.417
gene_4602	1476.333
gene_4603	1830.5
gene_4604	686.8824
gene_4605	1908.583
gene_4606	2130.1
gene_4607	812
gene_4608	1092.6
gene_4609	956.25
gene_4610	3550
gene_4611	2797.2
gene_4612	1934.714
gene_4613	1272.2
gene_4614	3353
gene_4615	1007
gene_4616	1560.067
gene_4617	3816.5
gene_4618	1909
gene_4619	1156
gene_4620	1038.625
gene_4621	7159.333
gene_4622	976
gene_4623	600.3333
gene_4624	2320.75
gene_4625	1364.364
gene_4626	2049.333
gene_4627	723.6667
gene_4628	3759.333
gene_4629	914.8889
gene_4630	2686
gene_4631	2782.833
gene_4632	3127
gene_4633	1556.267
gene_4634	3593
gene_4635	2788.273
gene_4636	994
gene_4637	2479.75
gene_4638	1036
gene_4639	986
gene_4640	4623.714
gene_4641	1540.25
gene_4642	4643
gene_4643	1373.75
gene_4644	421
gene_4645	1461.6
gene_4646	586
gene_4647	3379.5
gene_4648	1301.5
gene_4649	1126.5
gene_4650	5744
gene_4651	5164
gene_4652	6776
gene_4653	1240.25
gene_4654	1448.333
gene_4655	1725
gene_4656	1743
gene_4657	3253.4
gene_4658	834
gene_4659	845
gene_4660	875
gene_4661	1825.5
gene_4662	2633
gene_4663	1754.125
gene_4664	1498
gene_4665	1727.5
gene_4666	4396.25
gene_4667	2505
gene_4668	311
gene_4669	3029.524
gene_4670	1641
gene_4671	1515
gene_4672	1127.8
gene_4673	1900.846
gene_4674	1024.2
gene_4675	2666.643
gene_4676	1205.846
gene_4677	917
gene_4678	878.2
gene_4679	2080.2
gene_4680	927.3462
gene_4681	1136.231
gene_4682	511
gene_4683	357.2
gene_4684	2648
gene_4685	2484.455
gene_4686	3253.273
gene_4687	1068.333
gene_4688	959.5882
gene_4689	745
gene_4690	2043.5
gene_4691	3325
gene_4692	930.8333
gene_4693	1027.25
gene_4694	943
gene_4695	2309
gene_4696	2360.4
gene_4697	2259.833
gene_4698	2345.333
gene_4699	688.625
gene_4700	2658.5
gene_4701	775.3333
gene_4702	1141.667
gene_4703	374
gene_4704	2430.375
gene_4705	1406.667
gene_4706	1546
gene_4707	841.2857
gene_4708	1254.5
gene_4709	1526.417
gene_4710	953
gene_4711	950
gene_4712	2514
gene_4713	1548
gene_4714	1677
gene_4715	2103
gene_4716	1269.667
gene_4717	2721
gene_4718	2024
gene_4719	1510.333
gene_4720	2501.857
gene_4721	2267.273
gene_4722	2332
gene_4723	1084
gene_4724	2088
gene_4725	1826.25
gene_4726	3053.667
gene_4727	1701.778
gene_4728	1528.4
gene_4729	1295
gene_4730	1785
gene_4731	1491.714
gene_4732	2976.417
gene_4733	1553.167
gene_4734	3792
gene_4735	887.3333
gene_4736	3455.4
gene_4737	4501
gene_4738	1685.125
gene_4739	1154.5
gene_4740	1795.8
gene_4741	1549.833
gene_4742	2134.333
gene_4743	2343
gene_4744	1580.625
gene_4745	1029.25
gene_4746	1690.25
gene_4747	904.2857
gene_4748	1108.333
gene_4749	2209.667
gene_4750	2404.429
gene_4751	2438
gene_4752	818.4444
gene_4753	1104.286
gene_4754	891
gene_4755	2229
gene_4756	5075.357
gene_4757	542.8333
gene_4758	461
gene_4759	2555
gene_4760	1165.133
gene_4761	651.3333
gene_4762	1038.444
gene_4763	2095.2
gene_4764	2796.9
gene_4765	1384.4
gene_4766	743
gene_4767	1724.4
gene_4768	301
gene_4769	1819.471
gene_4770	2065.167
gene_4771	962.3684
gene_4772	1386.167
gene_4773	2217.25
gene_4774	1415.545
gene_4775	1589.95
gene_4776	1590.333
gene_4777	836
gene_4778	696
gene_4779	2426.222
gene_4780	1824.643
gene_4781	1852.4
gene_4782	2093.6
gene_4783	1373.25
gene_4784	1872.5
gene_4785	1302.118
gene_4786	680
gene_4787	550.5714
gene_4788	1778.125
gene_4789	1156
gene_4790	57
gene_4791	818.3333
gene_4792	2229.5
gene_4793	896.4444
gene_4794	1424
gene_4795	4588.5
gene_4796	1055.4
gene_4797	1606.8
gene_4798	1280.8
gene_4799	1255.6
gene_4800	1379
gene_4801	3283.125
gene_4802	975.125
gene_4803	1042
gene_4804	1059
gene_4805	1290
gene_4806	728.1429
gene_4807	1907.533
gene_4808	918.2308
gene_4809	794
gene_4810	3656.5
gene_4811	1705
gene_4812	3188.75
gene_4813	1017
gene_4814	1591.875
gene_4815	898.7
gene_4816	3759.5
gene_4817	1155
gene_4818	903
gene_4819	1510.917
gene_4820	1899
gene_4821	1608.059
gene_4822	1678.417
gene_4823	862
gene_4824	713.25
gene_4825	1048.667
gene_4826	1448.154
gene_4827	531.5
gene_4828	1063.6
gene_4829	2189.143
gene_4830	2257.75
gene_4831	1016.467
gene_4832	514.8
gene_4833	814.6667
gene_4834	2531.857
gene_4835	8173.5
gene_4836	2148.25
gene_4837	293
gene_4838	1589
gene_4839	1392.833
gene_4840	1539.25
gene_4841	1751
gene_4842	1257.88
gene_4843	1159
gene_4844	2573.714
gene_4845	2190.889
gene_4846	1861.083
gene_4847	1896.667
gene_4848	1894.5
gene_4849	1166
gene_4850	1157.2
gene_4851	1977.111
gene_4852	1536.25
gene_4853	6918.857
gene_4854	1743.5
gene_4855	1594
gene_4856	2040.667
gene_4857	1445.571
gene_4858	2086.889
gene_4859	885.3636
gene_4860	3741
gene_4861	968.25
gene_4862	1091.714
gene_4863	2018
gene_4864	1736.571
gene_4865	1929.1
gene_4866	1123.593
gene_4867	1119.8
gene_4868	571
gene_4869	3134.25
gene_4870	1380.545
gene_4871	821
gene_4872	1833.667
gene_4873	1020.043
gene_4874	1303
gene_4875	1567.667
gene_4876	629.25
gene_4877	993.6842
gene_4878	948.15
gene_4879	1122.353
gene_4880	2817
gene_4881	1975.75
gene_4882	1098.333
gene_4883	998
gene_4884	863
gene_4885	1582.333
gene_4886	1928.923
gene_4887	1071.5
gene_4888	5020
gene_4889	1797
gene_4890	1927.667
gene_4891	3283
gene_4892	1832
gene_4893	2383
gene_4894	1533.909
gene_4895	1609
gene_4896	1728.375
gene_4897	564.6667
gene_4898	935
gene_4899	4566
gene_4900	1359.5
gene_4901	1304.812
gene_4902	1848.4
gene_4903	3582.5
gene_4904	790.2
gene_4905	3128
gene_4906	1090.833
gene_4907	1689.6
gene_4908	1156.913
gene_4909	1082
gene_4910	1878.5
gene_4911	1333.667
gene_4912	1266
gene_4913	1603.133
gene_4914	2065
gene_4915	1732
gene_4916	1762.19
gene_4917	928.1429
gene_4918	1940.5
gene_4919	2624.25
gene_4920	1140.333
gene_4921	1713
gene_4922	3926
gene_4923	3177.692
gene_4924	8899
gene_4925	4224
gene_4926	967.1429
gene_4927	1707.455
gene_4928	3017.143
gene_4929	938
gene_4930	4267
gene_4931	2384.286
gene_4932	1061.389
gene_4933	374
gene_4934	4696
gene_4935	3579.571
gene_4936	3408.667
gene_4937	1338.154
gene_4938	1170.75
gene_4939	1188.25
gene_4940	873.8333
gene_4941	1271.071
gene_4942	1041.5
gene_4943	2984.333
gene_4944	3321
gene_4945	1409.056
gene_4946	1111.429
gene_4947	1833.833
gene_4948	1632.143
gene_4949	962
gene_4950	1902
gene_4951	853.5
gene_4952	840.3333
gene_4953	1588.273
gene_4954	1199.4
gene_4955	3821.5
gene_4956	1076.364
gene_4957	1303.75
gene_4958	1448.909
gene_4959	959.7273
gene_4960	1212.889
gene_4961	2516
gene_4962	2114.5
gene_4963	2164.364
gene_4964	1701.857
gene_4965	2386.429
gene_4966	1549.042
gene_4967	3320.727
gene_4968	1741
gene_4969	485
gene_4970	2396.5
gene_4971	1282
gene_4972	1145.8
gene_4973	3337
gene_4974	3163
gene_4975	551
gene_4976	1167.7
gene_4977	1091.667
gene_4978	2296
gene_4979	701
gene_4980	907.0909
gene_4981	904.6667
gene_4982	1456.333
gene_4983	1485.7
gene_4984	1417.25
gene_4985	1769.964
gene_4986	1985.5
gene_4987	1222.25
gene_4988	593
gene_4989	1534.167
gene_4990	1667
gene_4991	840
gene_4992	3899.25
gene_4993	981.5714
gene_4994	2098.143
gene_4995	1669.5
gene_4996	2105.4
gene_4997	847
gene_4998	2691.2
gene_4999	539.6667
gene_5000	1711.833
