gene_1	1671.75
gene_2	3189.5
gene_3	443
gene_4	1144.667
gene_5	2870.2
gene_6	993.6
gene_7	1663
gene_8	1534.917
gene_9	1581.2
gene_10	1283.222
gene_11	1564.5
gene_12	1775.875
gene_13	1240
gene_14	5395.2
gene_15	927.8889
gene_16	4144.2
gene_17	4577
gene_18	3180.571
gene_19	4236
gene_20	1155
gene_21	1639.5
gene_22	2161.647
gene_23	2313
gene_24	1179.8
gene_25	1385.55
gene_26	1392.438
gene_27	3040.846
gene_28	1648.167
gene_29	1969.2
gene_30	1021
gene_31	804.125
gene_32	1626.75
gene_33	2195
gene_34	1410.4
gene_35	2453.667
gene_36	2541.429
gene_37	747.9
gene_38	2873
gene_39	1990
gene_40	1071.143
gene_41	924.25
gene_42	2192.143
gene_43	1810
gene_44	1235.067
gene_45	978.1667
gene_46	2577
gene_47	3257.682
gene_48	753.75
gene_49	1070.333
gene_50	1964.286
gene_51	2565.5
gene_52	1036.125
gene_53	2303
gene_54	7858.5
gene_55	812.5
gene_56	2293.538
gene_57	1261
gene_58	1891
gene_59	2665
gene_60	1032.556
gene_61	841.5
gene_62	5228.118
gene_63	1130.667
gene_64	1331.133
gene_65	1376.5
gene_66	2030.562
gene_67	2156.286
gene_68	2618
gene_69	3608.2
gene_70	2981.333
gene_71	790.3333
gene_72	2841.1
gene_73	6776
gene_74	795
gene_75	2026.15
gene_76	1540
gene_77	1247.455
gene_78	1828.4
gene_79	1603.133
gene_80	901
gene_81	1062.875
gene_82	2144
gene_83	1793.1
gene_84	2613.286
gene_85	3186
gene_86	1314.267
gene_87	1393.818
gene_88	2113
gene_89	980.1667
gene_90	1154.625
gene_91	3127
gene_92	1136.812
gene_93	1544.789
gene_94	3732.333
gene_95	1100
gene_96	843.125
gene_97	3690.167
gene_98	2285
gene_99	1828.455
gene_100	1386.632
gene_101	688.1667
gene_102	1614.643
gene_103	1876.182
gene_104	2293
gene_105	1755.6
gene_106	1152.333
gene_107	3674.25
gene_108	1964
gene_109	651
gene_110	1044
gene_111	1826.625
gene_112	6047
gene_113	1641.5
gene_114	238
gene_115	40
gene_116	1511.25
gene_117	1539
gene_118	1295.167
gene_119	1131
gene_120	674.5
gene_121	1202
gene_122	1194
gene_123	1270
gene_124	1205.625
gene_125	3621
gene_126	1563.75
gene_127	1801.2
gene_128	2383.955
gene_129	1928.714
gene_130	1321.667
gene_131	1287.5
gene_132	500
gene_133	811
gene_134	972
gene_135	1369.7
gene_136	1156
gene_137	2517
gene_138	895.75
gene_139	3253.4
gene_140	1748.429
gene_141	2670.333
gene_142	1774.556
gene_143	1139.667
gene_144	1695.375
gene_145	1042.556
gene_146	387
gene_147	872
gene_148	635
gene_149	5659.2
gene_150	1016.467
gene_151	1134.333
gene_152	775.5897
gene_153	1295
gene_154	854.8
gene_155	2570.333
gene_156	1861.333
gene_157	3695
gene_158	933.6667
gene_159	1330.6
gene_160	374
gene_161	751.4706
gene_162	1007
gene_163	2487.75
gene_164	1815
gene_165	1845.571
gene_166	1177.632
gene_167	1271.6
gene_168	1299.333
gene_169	1541
gene_170	1783.4
gene_171	1900.4
gene_172	2266
gene_173	1388.429
gene_174	1043.1
gene_175	3939
gene_176	2636.071
gene_177	1034.778
gene_178	2322.714
gene_179	972.6
gene_180	374
gene_181	1911.7
gene_182	977
gene_183	1073.833
gene_184	1274
gene_185	2405.667
gene_186	928.6471
gene_187	1683.333
gene_188	929.4444
gene_189	2085.684
gene_190	1409
gene_191	1834.333
gene_192	1689.222
gene_193	2725.75
gene_194	3087.667
gene_195	679.4
gene_196	2169.4
gene_197	1927.448
gene_198	319
gene_199	91
gene_200	752
gene_201	1132
gene_202	751
gene_203	2501.25
gene_204	740
gene_205	1242.615
gene_206	1912.857
gene_207	1234
gene_208	1327.364
gene_209	3507.333
gene_210	528.5
gene_211	2024.294
gene_212	1048.333
gene_213	1919
gene_214	3212.571
gene_215	2090
gene_216	8760.5
gene_217	2461.6
gene_218	3535.95
gene_219	3030.714
gene_220	1171.667
gene_221	5356
gene_222	1568.833
gene_223	850.2778
gene_224	2690
gene_225	2385.5
gene_226	1863
gene_227	463.1429
gene_228	1430.5
gene_229	944
gene_230	5225
gene_231	2322.182
gene_232	1989.588
gene_233	776
gene_234	1353.667
gene_235	1169
gene_236	1467
gene_237	3366
gene_238	3058.333
gene_239	3136
gene_240	1936
gene_241	1077
gene_242	2908.333
gene_243	1442.56
gene_244	302
gene_245	1910.714
gene_246	2374
gene_247	1401.5
gene_248	1070.6
gene_249	1251.5
gene_250	1425.444
gene_251	1045.8
gene_252	1189.308
gene_253	583
gene_254	628
gene_255	1369.625
gene_256	1026.2
gene_257	566
gene_258	4881.5
gene_259	1262
gene_260	7096
gene_261	3023.25
gene_262	1289.39
gene_263	547
gene_264	935.2759
gene_265	1294.167
gene_266	5524
gene_267	3978
gene_268	2056.5
gene_269	3094.167
gene_270	3178.6
gene_271	1334.143
gene_272	1136.667
gene_273	2438.25
gene_274	3309
gene_275	4150.75
gene_276	870.5
gene_277	2757.455
gene_278	2378.857
gene_279	1225.917
gene_280	2408
gene_281	1070.353
gene_282	1105
gene_283	1236.75
gene_284	2438.833
gene_285	1473.429
gene_286	3724
gene_287	2317
gene_288	1064
gene_289	1253
gene_290	1132
gene_291	1339.25
gene_292	1446.591
gene_293	3253.4
gene_294	1980.091
gene_295	1565.25
gene_296	1015.619
gene_297	4429
gene_298	1764.833
gene_299	4656
gene_300	3354.625
gene_301	1532.867
gene_302	3598.5
gene_303	2159.5
gene_304	1523.667
gene_305	1293
gene_306	1099.957
gene_307	1986.5
gene_308	2035
gene_309	2045
gene_310	1501.923
gene_311	626.7143
gene_312	2225.952
gene_313	788.0909
gene_314	728.5
gene_315	2577.667
gene_316	621.75
gene_317	2123
gene_318	2103.4
gene_319	1251.667
gene_320	868.5
gene_321	2578.571
gene_322	1105.714
gene_323	2172.545
gene_324	4073.4
gene_325	7726.5
gene_326	1675
gene_327	1337.167
gene_328	756.3333
gene_329	1510.364
gene_330	1583.286
gene_331	1345.286
gene_332	1002
gene_333	2496.25
gene_334	1836.929
gene_335	834
gene_336	1176
gene_337	3298
gene_338	3547.143
gene_339	1593.688
gene_340	1450.4
gene_341	1378
gene_342	1749
gene_343	1364.889
gene_344	3892.667
gene_345	2599.182
gene_346	804
gene_347	2822.5
gene_348	1793
gene_349	2427.5
gene_350	2438
gene_351	998
gene_352	1710.125
gene_353	2520
gene_354	1556.9
gene_355	2047.2
gene_356	1278.6
gene_357	2063.273
gene_358	1344.1
gene_359	1834.182
gene_360	1525
gene_361	1004.333
gene_362	1181
gene_363	6499.692
gene_364	2083
gene_365	2252.8
gene_366	1007
gene_367	1724.917
gene_368	3549
gene_369	3126
gene_370	4241
gene_371	2357.923
gene_372	1856.389
gene_373	1617.875
gene_374	1602.706
gene_375	2267.273
gene_376	693.25
gene_377	863
gene_378	1187.667
gene_379	1040
gene_380	830.5
gene_381	1368.143
gene_382	1768.444
gene_383	1686.5
gene_384	1145.8
gene_385	2495.25
gene_386	1664
gene_387	1040.231
gene_388	4441
gene_389	1243.125
gene_390	1164.333
gene_391	3513.667
gene_392	1821.333
gene_393	1628.25
gene_394	1622
gene_395	1726
gene_396	2801.75
gene_397	746.25
gene_398	3003.545
gene_399	1604.167
gene_400	1003.667
gene_401	714.5
gene_402	1295
gene_403	4115
gene_404	6014
gene_405	1440.5
gene_406	1716.6
gene_407	1273
gene_408	665
gene_409	1368.188
gene_410	1021
gene_411	1702
gene_412	2287
gene_413	1351.385
gene_414	2980
gene_415	595
gene_416	4069.25
gene_417	1188.75
gene_418	1713
gene_419	4515.333
gene_420	1048.562
gene_421	989.9231
gene_422	2732.2
gene_423	873
gene_424	940.4
gene_425	874
gene_426	953.6667
gene_427	1496.059
gene_428	2962.4
gene_429	821.1667
gene_430	1180
gene_431	2482.333
gene_432	1268.364
gene_433	1264.909
gene_434	4637
gene_435	1928.409
gene_436	2265.444
gene_437	1649.25
gene_438	1066.75
gene_439	2002.364
gene_440	1311.667
gene_441	2734.6
gene_442	919.8
gene_443	2654.118
gene_444	3081
gene_445	1560.474
gene_446	1876
gene_447	1685.875
gene_448	1440.167
gene_449	2908.75
gene_450	929.3846
gene_451	627.75
gene_452	1258.5
gene_453	1703.188
gene_454	4126.5
gene_455	785
gene_456	1228.9
gene_457	1247
gene_458	4306.571
gene_459	590.2
gene_460	492
gene_461	949
gene_462	1614.455
gene_463	1251.5
gene_464	2076
gene_465	2301.875
gene_466	3515
gene_467	2209.467
gene_468	2684.667
gene_469	2286
gene_470	743
gene_471	883.6
gene_472	1374.625
gene_473	655
gene_474	1840.333
gene_475	1795
gene_476	1840
gene_477	2452.8
gene_478	3437.846
gene_479	1705.375
gene_480	1601.917
gene_481	1625.889
gene_482	1700
gene_483	1286.333
gene_484	1957.889
gene_485	3806.5
gene_486	2311.074
gene_487	1530.167
gene_488	1428
gene_489	3096.5
gene_490	1571.333
gene_491	4762.75
gene_492	1459.357
gene_493	2117.25
gene_494	1448.154
gene_495	1121.1
gene_496	1357.8
gene_497	1048.9
gene_498	536.5
gene_499	1403.7
gene_500	923
gene_501	1168
gene_502	2125.429
gene_503	1869
gene_504	923.7778
gene_505	772
gene_506	1012
gene_507	2404.429
gene_508	1416.125
gene_509	911
gene_510	1278
gene_511	1473
gene_512	1515.667
gene_513	1202.5
gene_514	590.25
gene_515	374
gene_516	2554.5
gene_517	2967
gene_518	1284.652
gene_519	1385.5
gene_520	1093.083
gene_521	1472.667
gene_522	66
gene_523	944
gene_524	612.5
gene_525	1148.5
gene_526	1265.222
gene_527	1047.167
gene_528	1571
gene_529	1004.421
gene_530	2013.4
gene_531	287
gene_532	1042.538
gene_533	1075
gene_534	903
gene_535	1434.5
gene_536	2813.75
gene_537	4272
gene_538	1068.333
gene_539	880.1667
gene_540	812.5
gene_541	1001.792
gene_542	3857
gene_543	1733
gene_544	1847.632
gene_545	2174
gene_546	1164
gene_547	309
gene_548	2127.1
gene_549	1183.786
gene_550	1850.545
gene_551	1333
gene_552	2015.6
gene_553	1185.353
gene_554	1066.467
gene_555	1272
gene_556	1411.143
gene_557	2049
gene_558	2724.429
gene_559	2198.375
gene_560	1500.143
gene_561	876.3889
gene_562	2342.333
gene_563	1941.75
gene_564	1816.75
gene_565	1617.333
gene_566	844.75
gene_567	1584.2
gene_568	2300.238
gene_569	1670.875
gene_570	1848.5
gene_571	985.3333
gene_572	4077.5
gene_573	1590.333
gene_574	1258.333
gene_575	1036
gene_576	1993.5
gene_577	1223.7
gene_578	3048.25
gene_579	705.6667
gene_580	430
gene_581	3550
gene_582	645.6667
gene_583	1027
gene_584	5306
gene_585	2466
gene_586	1709.111
gene_587	1488.625
gene_588	2531.938
gene_589	1579.455
gene_590	2227
gene_591	952.375
gene_592	2050
gene_593	1870.727
gene_594	2113
gene_595	3765.7
gene_596	869
gene_597	1532
gene_598	1338
gene_599	1676.067
gene_600	1668.4
gene_601	719.8
gene_602	803
gene_603	1092.1
gene_604	1751.8
gene_605	2120.857
gene_606	1042.5
gene_607	1079
gene_608	1009
gene_609	2479
gene_610	1483
gene_611	746.8
gene_612	1007.667
gene_613	1138
gene_614	1021.538
gene_615	3386.75
gene_616	1406
gene_617	1121
gene_618	1727.5
gene_619	4949.5
gene_620	2641.4
gene_621	1083.6
gene_622	1217.2
gene_623	1850.5
gene_624	1322.857
gene_625	2924
gene_626	1503
gene_627	1565
gene_628	1632.625
gene_629	2147.375
gene_630	1138
gene_631	2672.9
gene_632	1495.167
gene_633	1794.5
gene_634	3396.333
gene_635	4730.286
gene_636	1687.333
gene_637	827
gene_638	1399.375
gene_639	1041
gene_640	4424.5
gene_641	1749.5
gene_642	1645
gene_643	2141.286
gene_644	995
gene_645	2734.8
gene_646	902.5
gene_647	1151
gene_648	1575.214
gene_649	1105.75
gene_650	1262.25
gene_651	1400.4
gene_652	2615
gene_653	2576
gene_654	932.75
gene_655	1912.905
gene_656	662.2
gene_657	3719.5
gene_658	792.6667
gene_659	877.5455
gene_660	3611
gene_661	1435.636
gene_662	1894.5
gene_663	649.6
gene_664	575.125
gene_665	3769
gene_666	1238.875
gene_667	2643.316
gene_668	1463
gene_669	1189.2
gene_670	876
gene_671	1236.167
gene_672	1922.5
gene_673	1984.333
gene_674	850.7778
gene_675	842
gene_676	1315.556
gene_677	2338.667
gene_678	936.1667
gene_679	763
gene_680	1741
gene_681	2205.429
gene_682	1695.889
gene_683	736.7273
gene_684	718
gene_685	4080
gene_686	883.9167
gene_687	1436
gene_688	928.5333
gene_689	2225.25
gene_690	2351
gene_691	1788.1
gene_692	2508.667
gene_693	1549.909
gene_694	2123.917
gene_695	1301.143
gene_696	1530
gene_697	46
gene_698	820
gene_699	2314.444
gene_700	2149.462
gene_701	1892.889
gene_702	1557.9
gene_703	2698.462
gene_704	944
gene_705	1127
gene_706	1292.25
gene_707	1065.429
gene_708	1844
gene_709	1139
gene_710	2921.75
gene_711	1392
gene_712	1542
gene_713	2124
gene_714	1589.286
gene_715	2005.5
gene_716	1168.4
gene_717	4490
gene_718	1274
gene_719	830.2857
gene_720	1123
gene_721	2323.333
gene_722	2680
gene_723	2690
gene_724	5571
gene_725	1859
gene_726	1549.833
gene_727	4016
gene_728	911.25
gene_729	1598
gene_730	2114.267
gene_731	1196.333
gene_732	4282
gene_733	1406.5
gene_734	1363.8
gene_735	510
gene_736	5021.5
gene_737	2313
gene_738	2130
gene_739	1620.556
gene_740	2348.2
gene_741	1671
gene_742	1290.1
gene_743	2929.2
gene_744	739
gene_745	2896
gene_746	2357.667
gene_747	890
gene_748	1190.409
gene_749	1750.5
gene_750	1096
gene_751	1374.667
gene_752	3539.5
gene_753	1338.667
gene_754	1962.4
gene_755	1506.071
gene_756	2005.25
gene_757	1564.667
gene_758	1674.25
gene_759	5038
gene_760	881.4286
gene_761	1234.429
gene_762	6648
gene_763	1335
gene_764	1019.545
gene_765	3169
gene_766	659.5
gene_767	998.125
gene_768	1223
gene_769	1419.545
gene_770	1213
gene_771	1543.5
gene_772	3106.667
gene_773	1411.909
gene_774	2590.143
gene_775	1489
gene_776	1472
gene_777	1171.667
gene_778	1352.231
gene_779	2595.5
gene_780	2762
gene_781	1227
gene_782	3174
gene_783	1052.667
gene_784	1833.5
gene_785	1972.8
gene_786	593
gene_787	5292.667
gene_788	1422.889
gene_789	2135.5
gene_790	6681.5
gene_791	1073.1
gene_792	859.5714
gene_793	1800.25
gene_794	813.6875
gene_795	1819.143
gene_796	1076
gene_797	1854.4
gene_798	1649
gene_799	1155.727
gene_800	2984.333
gene_801	2158.5
gene_802	1551.25
gene_803	3099.5
gene_804	2549
gene_805	5176.333
gene_806	1025
gene_807	2120.062
gene_808	2017.621
gene_809	2363
gene_810	810.0952
gene_811	728
gene_812	2382.5
gene_813	1436.333
gene_814	1163.059
gene_815	1637
gene_816	2217.8
gene_817	1821
gene_818	4420.75
gene_819	929
gene_820	1078.286
gene_821	2086.167
gene_822	1359.263
gene_823	2272.5
gene_824	1630.25
gene_825	891.2
gene_826	2668.25
gene_827	1586.571
gene_828	1883
gene_829	2115
gene_830	868.25
gene_831	2779
gene_832	2268.8
gene_833	1280
gene_834	2153.333
gene_835	996.75
gene_836	2306.417
gene_837	1411
gene_838	1923.714
gene_839	2468.167
gene_840	1354
gene_841	2416.333
gene_842	1942
gene_843	2482.5
gene_844	2418.111
gene_845	1803
gene_846	1081
gene_847	1749
gene_848	1539
gene_849	2283.167
gene_850	3584
gene_851	3272.417
gene_852	1438.214
gene_853	760.5714
gene_854	1340.067
gene_855	1183.25
gene_856	647.625
gene_857	1002.6
gene_858	2841.2
gene_859	2041
gene_860	2027
gene_861	1125.5
gene_862	3597.4
gene_863	1240.231
gene_864	1858.875
gene_865	887.5714
gene_866	1308.5
gene_867	1631.25
gene_868	899.6667
gene_869	1741.571
gene_870	2050
gene_871	2503.5
gene_872	1188.583
gene_873	1141.333
gene_874	2429.091
gene_875	2915.5
gene_876	2477
gene_877	2065
gene_878	2384.625
gene_879	1206.375
gene_880	1158.889
gene_881	168
gene_882	2244.4
gene_883	672
gene_884	857.6667
gene_885	995.5
gene_886	2485
gene_887	1421.25
gene_888	1050.571
gene_889	1833.947
gene_890	1577.64
gene_891	1142.375
gene_892	1303.5
gene_893	1696.571
gene_894	1683
gene_895	797.4
gene_896	1014.053
gene_897	1505.7
gene_898	2347.25
gene_899	1892.167
gene_900	1110.444
gene_901	2179.429
gene_902	1011.118
gene_903	855.6923
gene_904	1695.083
gene_905	3637.6
gene_906	1017.333
gene_907	666
gene_908	934.7778
gene_909	307
gene_910	810.8
gene_911	1455.4
gene_912	2009.5
gene_913	1193.125
gene_914	3949
gene_915	2276.25
gene_916	773
gene_917	849.4706
gene_918	3808.5
gene_919	1710.2
gene_920	1429.16
gene_921	2948
gene_922	1464.5
gene_923	1561.6
gene_924	3565
gene_925	706
gene_926	2118.75
gene_927	1083.5
gene_928	1258.333
gene_929	1957.545
gene_930	2082.167
gene_931	1080.778
gene_932	2292.167
gene_933	3825
gene_934	5382.4
gene_935	3149.667
gene_936	978
gene_937	2394.714
gene_938	774
gene_939	1400
gene_940	894
gene_941	2919.818
gene_942	1154.857
gene_943	3384
gene_944	1940.5
gene_945	2437
gene_946	2267
gene_947	1389.462
gene_948	1221.25
gene_949	1162.1
gene_950	1072.571
gene_951	1595.364
gene_952	1254
gene_953	905.4
gene_954	1617.2
gene_955	1180
gene_956	1727.167
gene_957	2021.556
gene_958	1360.267
gene_959	1569.3
gene_960	2010
gene_961	955
gene_962	1131.667
gene_963	772.75
gene_964	689.5
gene_965	1609
gene_966	1887
gene_967	1426.286
gene_968	2862.714
gene_969	2802
gene_970	2118.333
gene_971	1278.333
gene_972	2903
gene_973	982
gene_974	977
gene_975	741.3333
gene_976	1201
gene_977	1796.947
gene_978	2469.143
gene_979	831.875
gene_980	2601
gene_981	1365
gene_982	1336.833
gene_983	997
gene_984	1533.25
gene_985	4528
gene_986	1734.889
gene_987	2319.1
gene_988	1969.941
gene_989	1580.625
gene_990	652.2222
gene_991	1346.75
gene_992	1409.269
gene_993	2611.375
gene_994	974
gene_995	1760
gene_996	984.75
gene_997	3583.5
gene_998	1950.5
gene_999	1874.857
gene_1000	653.5
gene_1001	1360.625
gene_1002	2242.889
gene_1003	1225.6
gene_1004	6107.429
gene_1005	7284.75
gene_1006	4374.667
gene_1007	866.2
gene_1008	1621
gene_1009	2203.136
gene_1010	1678
gene_1011	4882
gene_1012	2328.75
gene_1013	4227.333
gene_1014	995
gene_1015	2102
gene_1016	2691.6
gene_1017	3656.5
gene_1018	1750.875
gene_1019	1629.25
gene_1020	1568.375
gene_1021	1346.75
gene_1022	1235.242
gene_1023	920.3333
gene_1024	2348.8
gene_1025	707
gene_1026	1351.5
gene_1027	2561.2
gene_1028	2021.833
gene_1029	772.5714
gene_1030	1190.667
gene_1031	1095.312
gene_1032	1155.667
gene_1033	1261.357
gene_1034	2904.833
gene_1035	1197.714
gene_1036	2686.4
gene_1037	1054.4
gene_1038	1424.444
gene_1039	1528.75
gene_1040	861
gene_1041	830.8889
gene_1042	4891.333
gene_1043	787.2857
gene_1044	906.5
gene_1045	1308.6
gene_1046	1626
gene_1047	21101
gene_1048	1477.417
gene_1049	987
gene_1050	1219.5
gene_1051	2599.412
gene_1052	1276.462
gene_1053	551.0833
gene_1054	1292.857
gene_1055	1635.75
gene_1056	1123.5
gene_1057	2461.6
gene_1058	3038
gene_1059	2667
gene_1060	1177.667
gene_1061	2098.111
gene_1062	1236.111
gene_1063	1267.333
gene_1064	2593.4
gene_1065	929
gene_1066	1949.5
gene_1067	3064.25
gene_1068	4893
gene_1069	3012
gene_1070	953
gene_1071	2531.5
gene_1072	2079.6
gene_1073	1327
gene_1074	1335.8
gene_1075	2666.643
gene_1076	1122
gene_1077	995
gene_1078	1094
gene_1079	2261
gene_1080	1433.857
gene_1081	1503.714
gene_1082	861
gene_1083	1476.667
gene_1084	844.8571
gene_1085	819.75
gene_1086	1773
gene_1087	3357.583
gene_1088	797.75
gene_1089	2325.8
gene_1090	7525
gene_1091	950
gene_1092	2557.333
gene_1093	2041.3
gene_1094	1716.8
gene_1095	2282.818
gene_1096	539.5
gene_1097	1295
gene_1098	1075.2
gene_1099	1538.5
gene_1100	6897
gene_1101	1349.353
gene_1102	972
gene_1103	522
gene_1104	1008.538
gene_1105	1418.25
gene_1106	1298.333
gene_1107	3615
gene_1108	1533.286
gene_1109	1321.875
gene_1110	1063
gene_1111	1059.5
gene_1112	1286.13
gene_1113	1601.176
gene_1114	791.75
gene_1115	428
gene_1116	887.6667
gene_1117	1176.7
gene_1118	4625
gene_1119	1456.25
gene_1120	1871
gene_1121	1835
gene_1122	2382.625
gene_1123	46
gene_1124	1309.4
gene_1125	945
gene_1126	919
gene_1127	752
gene_1128	1147.588
gene_1129	1184
gene_1130	1377.833
gene_1131	1690.571
gene_1132	1188.833
gene_1133	3145.333
gene_1134	3393
gene_1135	1757
gene_1136	1509
gene_1137	1265.8
gene_1138	1349.491
gene_1139	1103.833
gene_1140	1547.952
gene_1141	459.3333
gene_1142	1241.105
gene_1143	1427.5
gene_1144	886.8
gene_1145	3240.737
gene_1146	912
gene_1147	2601.5
gene_1148	610
gene_1149	3099.222
gene_1150	1830.875
gene_1151	1259
gene_1152	1905
gene_1153	923
gene_1154	1670.875
gene_1155	669
gene_1156	1444
gene_1157	2893
gene_1158	654
gene_1159	5709
gene_1160	1138.556
gene_1161	1524.778
gene_1162	1637.733
gene_1163	796
gene_1164	5535
gene_1165	1532.667
gene_1166	1876.571
gene_1167	3412.75
gene_1168	2586.667
gene_1169	1416.5
gene_1170	635
gene_1171	7334
gene_1172	6008.667
gene_1173	1862.833
gene_1174	3574.333
gene_1175	3323
gene_1176	1034.526
gene_1177	1183.25
gene_1178	746.75
gene_1179	2321.5
gene_1180	2278.8
gene_1181	2058.727
gene_1182	947
gene_1183	1797
gene_1184	1220.087
gene_1185	1454.769
gene_1186	374
gene_1187	1868.8
gene_1188	439
gene_1189	1977.5
gene_1190	1054.2
gene_1191	1795
gene_1192	1483
gene_1193	345
gene_1194	1343
gene_1195	3042.5
gene_1196	1756.143
gene_1197	865.75
gene_1198	3740.8
gene_1199	4094
gene_1200	1887
gene_1201	1904.727
gene_1202	1477
gene_1203	1310.125
gene_1204	1581.429
gene_1205	2867.75
gene_1206	1483
gene_1207	628
gene_1208	1756
gene_1209	393
gene_1210	1723.222
gene_1211	2443.75
gene_1212	1114.882
gene_1213	1123.5
gene_1214	1148
gene_1215	1419.667
gene_1216	965
gene_1217	1351
gene_1218	1485.966
gene_1219	2012.091
gene_1220	2962
gene_1221	985.68
gene_1222	698
gene_1223	2046
gene_1224	2508.3
gene_1225	1355.889
gene_1226	1071.5
gene_1227	1349
gene_1228	1708
gene_1229	1996.793
gene_1230	5038
gene_1231	2212.889
gene_1232	1032
gene_1233	1894
gene_1234	1812.125
gene_1235	2173.273
gene_1236	284.5
gene_1237	716
gene_1238	978.5455
gene_1239	1137.909
gene_1240	3951
gene_1241	1391.286
gene_1242	3600
gene_1243	3357.4
gene_1244	1016.222
gene_1245	3035.429
gene_1246	1329.286
gene_1247	4658.5
gene_1248	1163.083
gene_1249	374
gene_1250	1258.833
gene_1251	1360
gene_1252	2844.625
gene_1253	3065.214
gene_1254	3144.75
gene_1255	504
gene_1256	3054.5
gene_1257	985.5556
gene_1258	2080.2
gene_1259	2862.364
gene_1260	4292
gene_1261	2462.6
gene_1262	1217.286
gene_1263	1928.714
gene_1264	1128.75
gene_1265	1416.5
gene_1266	3239.741
gene_1267	1474.706
gene_1268	1459.643
gene_1269	5020.5
gene_1270	2940.25
gene_1271	723.6
gene_1272	3379.5
gene_1273	1832.333
gene_1274	3110.25
gene_1275	523
gene_1276	1410
gene_1277	3360
gene_1278	874.4444
gene_1279	3127.864
gene_1280	1023.286
gene_1281	3325
gene_1282	1165.154
gene_1283	4220
gene_1284	868
gene_1285	2483.333
gene_1286	869.7778
gene_1287	987.5
gene_1288	2867.636
gene_1289	1546.167
gene_1290	1788.923
gene_1291	760
gene_1292	1692.875
gene_1293	1304.333
gene_1294	943.8
gene_1295	1934.533
gene_1296	935.3333
gene_1297	1134.852
gene_1298	1461.667
gene_1299	2987.6
gene_1300	1038.029
gene_1301	1230.4
gene_1302	2044.25
gene_1303	1430
gene_1304	1723.636
gene_1305	1565
gene_1306	3231
gene_1307	760.5
gene_1308	948.3
gene_1309	1476.304
gene_1310	552.2222
gene_1311	1728.5
gene_1312	2378.167
gene_1313	238
gene_1314	588
gene_1315	2978.75
gene_1316	1868.867
gene_1317	433.5
gene_1318	1286.214
gene_1319	888.1875
gene_1320	1436
gene_1321	2043
gene_1322	2393
gene_1323	1927.762
gene_1324	1315.167
gene_1325	1103.25
gene_1326	1316.143
gene_1327	3830.857
gene_1328	1666.7
gene_1329	3806.636
gene_1330	1680.333
gene_1331	3125.8
gene_1332	1593.8
gene_1333	1735.263
gene_1334	807.3571
gene_1335	1739.5
gene_1336	1741.857
gene_1337	2309.667
gene_1338	1631.083
gene_1339	1581.857
gene_1340	1324.833
gene_1341	1015
gene_1342	1393.6
gene_1343	1479
gene_1344	1490
gene_1345	863
gene_1346	1551.571
gene_1347	1257.5
gene_1348	3356
gene_1349	497
gene_1350	1245.8
gene_1351	661.5
gene_1352	1982.333
gene_1353	1285
gene_1354	917.6154
gene_1355	1484.571
gene_1356	1636.167
gene_1357	1952.8
gene_1358	2805
gene_1359	1408.211
gene_1360	5566.286
gene_1361	1295
gene_1362	1398.5
gene_1363	2309
gene_1364	465
gene_1365	1074.8
gene_1366	553
gene_1367	2026.667
gene_1368	1146
gene_1369	1177.4
gene_1370	647
gene_1371	1890.714
gene_1372	1707.5
gene_1373	1038
gene_1374	1033
gene_1375	1283.75
gene_1376	1631
gene_1377	2242
gene_1378	2684.333
gene_1379	3755
gene_1380	1971.103
gene_1381	5340.333
gene_1382	3636.5
gene_1383	1833.615
gene_1384	1955.25
gene_1385	929
gene_1386	1028.5
gene_1387	1188.733
gene_1388	2400.667
gene_1389	1239.583
gene_1390	1630.636
gene_1391	1838
gene_1392	1290
gene_1393	1554.714
gene_1394	877.25
gene_1395	1288.867
gene_1396	1816.25
gene_1397	885.8333
gene_1398	719.7778
gene_1399	1775.889
gene_1400	1407.167
gene_1401	2247.077
gene_1402	1025.25
gene_1403	2252.818
gene_1404	577
gene_1405	1099
gene_1406	909
gene_1407	1104
gene_1408	3230.333
gene_1409	1752
gene_1410	2107.857
gene_1411	1312.2
gene_1412	9006
gene_1413	1340.333
gene_1414	787.5714
gene_1415	2335.636
gene_1416	2869.143
gene_1417	3028.5
gene_1418	724
gene_1419	380
gene_1420	3295
gene_1421	3331
gene_1422	830.4
gene_1423	790
gene_1424	3533
gene_1425	900.6667
gene_1426	1204.818
gene_1427	4418.333
gene_1428	1413.75
gene_1429	1539
gene_1430	1264.6
gene_1431	2220.25
gene_1432	2140.333
gene_1433	896.8333
gene_1434	2613.13
gene_1435	4027
gene_1436	1348.786
gene_1437	3590
gene_1438	1553
gene_1439	2638
gene_1440	3339.2
gene_1441	1673.571
gene_1442	2875.571
gene_1443	3355
gene_1444	2444.167
gene_1445	1542.4
gene_1446	874
gene_1447	1873.571
gene_1448	984
gene_1449	2438.714
gene_1450	864.8333
gene_1451	1527.25
gene_1452	5193.286
gene_1453	1201.6
gene_1454	3286.5
gene_1455	847.2963
gene_1456	4219.273
gene_1457	959.5882
gene_1458	6675
gene_1459	1544.556
gene_1460	1990
gene_1461	953
gene_1462	1272.333
gene_1463	1505
gene_1464	3486.5
gene_1465	1066
gene_1466	2116
gene_1467	1000.889
gene_1468	853.25
gene_1469	2044
gene_1470	1708
gene_1471	3909.5
gene_1472	1628.083
gene_1473	1869
gene_1474	1169.333
gene_1475	4867.571
gene_1476	1411.867
gene_1477	1192.2
gene_1478	2946
gene_1479	1204.4
gene_1480	1245
gene_1481	563.4167
gene_1482	1512.667
gene_1483	1320.8
gene_1484	1661
gene_1485	1283.778
gene_1486	2252.6
gene_1487	2928.125
gene_1488	1105.3
gene_1489	713.25
gene_1490	1386
gene_1491	1234.857
gene_1492	897.4
gene_1493	4696
gene_1494	1248.7
gene_1495	696.1111
gene_1496	1377.438
gene_1497	1230.5
gene_1498	1208.478
gene_1499	2233
gene_1500	2057.667
gene_1501	4928
gene_1502	1039.667
gene_1503	965
gene_1504	701.9
gene_1505	1499.308
gene_1506	2033.333
gene_1507	2060.667
gene_1508	1658.5
gene_1509	1077.2
gene_1510	1395
gene_1511	2115.2
gene_1512	1484.333
gene_1513	1748
gene_1514	1492.333
gene_1515	3473
gene_1516	1731
gene_1517	2094
gene_1518	1473.667
gene_1519	1305.8
gene_1520	2592.286
gene_1521	1606.2
gene_1522	2945
gene_1523	4243.5
gene_1524	4571.5
gene_1525	2610
gene_1526	1602.05
gene_1527	1517.818
gene_1528	1151.417
gene_1529	2205.5
gene_1530	5285
gene_1531	1422
gene_1532	1892.5
gene_1533	1910.429
gene_1534	1466.25
gene_1535	1234.875
gene_1536	1199
gene_1537	979.4444
gene_1538	1205.929
gene_1539	1660
gene_1540	900.4762
gene_1541	1466
gene_1542	1908.583
gene_1543	3074
gene_1544	1138.647
gene_1545	3571.5
gene_1546	2480.938
gene_1547	1588
gene_1548	1890.636
gene_1549	1229.5
gene_1550	1913
gene_1551	2069
gene_1552	2144.167
gene_1553	630.8182
gene_1554	3996.25
gene_1555	1932.8
gene_1556	1369.462
gene_1557	1539
gene_1558	624.75
gene_1559	5459.5
gene_1560	1659.25
gene_1561	3449
gene_1562	1006.143
gene_1563	1475.667
gene_1564	8995.083
gene_1565	1933
gene_1566	1116.333
gene_1567	1322.4
gene_1568	2083.5
gene_1569	1292.571
gene_1570	1537
gene_1571	1018
gene_1572	1240.2
gene_1573	753
gene_1574	2640.429
gene_1575	1308.615
gene_1576	4631
gene_1577	2346.875
gene_1578	751.5
gene_1579	2312
gene_1580	806.25
gene_1581	2700.4
gene_1582	842.4286
gene_1583	1822
gene_1584	988.7667
gene_1585	1679.4
gene_1586	1968.111
gene_1587	3633.333
gene_1588	2562.5
gene_1589	1492
gene_1590	1801
gene_1591	651
gene_1592	856.2
gene_1593	1059.9
gene_1594	1731.667
gene_1595	1042.625
gene_1596	1593.75
gene_1597	942.3571
gene_1598	6104
gene_1599	1157.25
gene_1600	1190.8
gene_1601	3894.5
gene_1602	1081.5
gene_1603	725
gene_1604	1607.571
gene_1605	1195.833
gene_1606	899
gene_1607	2842.333
gene_1608	2542
gene_1609	994
gene_1610	1356.192
gene_1611	789.6667
gene_1612	1751.263
gene_1613	2221.071
gene_1614	3540.364
gene_1615	963
gene_1616	1229
gene_1617	2723.75
gene_1618	1701.333
gene_1619	1251.375
gene_1620	1000.833
gene_1621	1915.727
gene_1622	1505
gene_1623	2345.444
gene_1624	3964.5
gene_1625	2183.2
gene_1626	3463.75
gene_1627	522
gene_1628	1217.286
gene_1629	887
gene_1630	1632.2
gene_1631	1971
gene_1632	857.2353
gene_1633	744.8
gene_1634	728
gene_1635	2341.455
gene_1636	1423
gene_1637	1845.364
gene_1638	3770
gene_1639	981
gene_1640	1047.625
gene_1641	2525.833
gene_1642	1190.556
gene_1643	1319
gene_1644	1441
gene_1645	1377
gene_1646	1818.929
gene_1647	2306
gene_1648	8515.5
gene_1649	365
gene_1650	1106
gene_1651	1144
gene_1652	97
gene_1653	1509.5
gene_1654	2656.333
gene_1655	956
gene_1656	2689.778
gene_1657	915.5833
gene_1658	1027
gene_1659	1094.083
gene_1660	4529.75
gene_1661	1279
gene_1662	1378.2
gene_1663	1758
gene_1664	3234.333
gene_1665	981
gene_1666	2373
gene_1667	2994
gene_1668	928.4
gene_1669	1820.4
gene_1670	1940
gene_1671	1000
gene_1672	4489
gene_1673	2901.5
gene_1674	2432.5
gene_1675	2136
gene_1676	1032
gene_1677	2039
gene_1678	6537.4
gene_1679	708.5
gene_1680	1251
gene_1681	1934.667
gene_1682	2513
gene_1683	2139.667
gene_1684	1023.167
gene_1685	2558
gene_1686	2164.667
gene_1687	692.625
gene_1688	1209.462
gene_1689	1965
gene_1690	4274.833
gene_1691	1430
gene_1692	3218.4
gene_1693	2577.353
gene_1694	616
gene_1695	1560.571
gene_1696	3025.571
gene_1697	6708
gene_1698	762
gene_1699	2182.5
gene_1700	2083.667
gene_1701	1113
gene_1702	2252.1
gene_1703	1373.75
gene_1704	1133.571
gene_1705	1530.3
gene_1706	3728.5
gene_1707	373
gene_1708	874
gene_1709	1909.5
gene_1710	1896.5
gene_1711	1863
gene_1712	1268.25
gene_1713	1882
gene_1714	2785.714
gene_1715	1115
gene_1716	1564.429
gene_1717	2434.667
gene_1718	2433.5
gene_1719	1045
gene_1720	759.25
gene_1721	1264.6
gene_1722	1777.273
gene_1723	1353.556
gene_1724	1838.6
gene_1725	362.5
gene_1726	683
gene_1727	1051
gene_1728	952.4444
gene_1729	10744
gene_1730	820
gene_1731	1985.333
gene_1732	898.8571
gene_1733	663
gene_1734	2893
gene_1735	2329
gene_1736	1502.833
gene_1737	3736
gene_1738	1037.2
gene_1739	2154.227
gene_1740	688.7143
gene_1741	1165
gene_1742	1675.75
gene_1743	907.8889
gene_1744	816.8
gene_1745	1206.769
gene_1746	7738.4
gene_1747	2304.1
gene_1748	887
gene_1749	1384.5
gene_1750	1188.8
gene_1751	884.1333
gene_1752	1899.556
gene_1753	913
gene_1754	3837.75
gene_1755	5444
gene_1756	1822.833
gene_1757	2681.333
gene_1758	1930.5
gene_1759	579.5
gene_1760	2397.667
gene_1761	1822.6
gene_1762	997.8
gene_1763	1561
gene_1764	1470.8
gene_1765	326.5
gene_1766	1679
gene_1767	1133.167
gene_1768	1836.857
gene_1769	2090
gene_1770	4346
gene_1771	1094.05
gene_1772	1781.833
gene_1773	2911.2
gene_1774	1425.545
gene_1775	2683
gene_1776	1135
gene_1777	1421
gene_1778	1688
gene_1779	1043.143
gene_1780	2130.455
gene_1781	990.2857
gene_1782	987
gene_1783	4640.2
gene_1784	1016.25
gene_1785	1903
gene_1786	1681.571
gene_1787	1099
gene_1788	941
gene_1789	1485.923
gene_1790	2106
gene_1791	1529
gene_1792	938.7391
gene_1793	5413.692
gene_1794	2310.5
gene_1795	1104.5
gene_1796	394
gene_1797	501
gene_1798	6041.2
gene_1799	57
gene_1800	1220.333
gene_1801	9257.2
gene_1802	1217.5
gene_1803	2811.167
gene_1804	1696.778
gene_1805	653.25
gene_1806	2162.75
gene_1807	1182.4
gene_1808	2320.75
gene_1809	1523.25
gene_1810	3056
gene_1811	1161.8
gene_1812	2486.333
gene_1813	3759.5
gene_1814	789.8
gene_1815	1594.143
gene_1816	1351.143
gene_1817	474.3333
gene_1818	2343
gene_1819	3194.333
gene_1820	3093.923
gene_1821	2361.933
gene_1822	1310.692
gene_1823	2229
gene_1824	1149
gene_1825	1716.571
gene_1826	2521.909
gene_1827	1234.429
gene_1828	1234
gene_1829	2699.192
gene_1830	4033
gene_1831	2971
gene_1832	1482.714
gene_1833	1053.043
gene_1834	2460.556
gene_1835	1246
gene_1836	881
gene_1837	342
gene_1838	959.5
gene_1839	435
gene_1840	1899.682
gene_1841	1158.375
gene_1842	3215
gene_1843	3180.286
gene_1844	1392.333
gene_1845	3122
gene_1846	2371
gene_1847	1104
gene_1848	1222.5
gene_1849	1327.75
gene_1850	1487.5
gene_1851	744
gene_1852	1562.25
gene_1853	857.5
gene_1854	1237.125
gene_1855	1120.4
gene_1856	439
gene_1857	935.5
gene_1858	5164
gene_1859	1371.2
gene_1860	1346.412
gene_1861	1554.304
gene_1862	1592
gene_1863	1878
gene_1864	1253.842
gene_1865	2380.833
gene_1866	5168
gene_1867	1126
gene_1868	2696.857
gene_1869	4303
gene_1870	714
gene_1871	1236.571
gene_1872	1948.857
gene_1873	1207.333
gene_1874	1365.286
gene_1875	963.7143
gene_1876	1752.667
gene_1877	1507.429
gene_1878	3267.5
gene_1879	2498.517
gene_1880	2092
gene_1881	3427
gene_1882	2966.5
gene_1883	2312.667
gene_1884	2023.2
gene_1885	2342.25
gene_1886	1837.769
gene_1887	2381
gene_1888	1459.714
gene_1889	1319.2
gene_1890	2320.111
gene_1891	941.4167
gene_1892	3953
gene_1893	1963.333
gene_1894	1008
gene_1895	1987.25
gene_1896	1713
gene_1897	1763.938
gene_1898	4579.714
gene_1899	948
gene_1900	1197.476
gene_1901	1321.8
gene_1902	828.8889
gene_1903	940
gene_1904	5414.6
gene_1905	1334.19
gene_1906	1302.2
gene_1907	1861.5
gene_1908	1749
gene_1909	2120.75
gene_1910	2182.2
gene_1911	1609.364
gene_1912	1932.3
gene_1913	403
gene_1914	3073.5
gene_1915	1259.667
gene_1916	2472.833
gene_1917	1545.571
gene_1918	1995.692
gene_1919	2092.5
gene_1920	1377
gene_1921	3659.25
gene_1922	889.3846
gene_1923	1278.5
gene_1924	1789.2
gene_1925	933
gene_1926	2510.714
gene_1927	997
gene_1928	2470.667
gene_1929	2019.6
gene_1930	1342
gene_1931	606.3333
gene_1932	579.8667
gene_1933	1410.857
gene_1934	1687.2
gene_1935	952.25
gene_1936	5178.5
gene_1937	901.1818
gene_1938	1577.455
gene_1939	2732
gene_1940	1411.625
gene_1941	2665.1
gene_1942	1744
gene_1943	4649
gene_1944	1599.636
gene_1945	3048
gene_1946	851
gene_1947	4879.333
gene_1948	1526.417
gene_1949	956.8182
gene_1950	505
gene_1951	1698
gene_1952	1980.5
gene_1953	1585.25
gene_1954	1728
gene_1955	1234
gene_1956	873.6087
gene_1957	1755.333
gene_1958	3277.6
gene_1959	2553.375
gene_1960	3580
gene_1961	1107.333
gene_1962	1821.476
gene_1963	2027.583
gene_1964	2141.667
gene_1965	688
gene_1966	962
gene_1967	1572.25
gene_1968	3558
gene_1969	1357.4
gene_1970	1233.333
gene_1971	1046
gene_1972	1206.667
gene_1973	1441.167
gene_1974	1504.25
gene_1975	1132.833
gene_1976	5005.667
gene_1977	805.1
gene_1978	3793.8
gene_1979	1146
gene_1980	2113
gene_1981	1315
gene_1982	1640
gene_1983	1720.25
gene_1984	895.6667
gene_1985	3976.167
gene_1986	1035.125
gene_1987	1584.4
gene_1988	2157.5
gene_1989	2278.333
gene_1990	3079
gene_1991	1048.778
gene_1992	1937.688
gene_1993	1500
gene_1994	1367
gene_1995	5045.429
gene_1996	1174
gene_1997	986
gene_1998	1447
gene_1999	1214
gene_2000	1788.059
gene_2001	1525.333
gene_2002	581.3333
gene_2003	1257.4
gene_2004	1124.235
gene_2005	1253
gene_2006	592
gene_2007	1142
gene_2008	1102.5
gene_2009	912.4286
gene_2010	539
gene_2011	1488.417
gene_2012	1126
gene_2013	1562.167
gene_2014	822.2667
gene_2015	2010.133
gene_2016	4037
gene_2017	1128.5
gene_2018	978.7778
gene_2019	1742.6
gene_2020	2417.5
gene_2021	1742.714
gene_2022	3284.333
gene_2023	367.5
gene_2024	4185
gene_2025	1338.833
gene_2026	1092
gene_2027	1656
gene_2028	1099.6
gene_2029	1007
gene_2030	1556.636
gene_2031	2095
gene_2032	2150
gene_2033	1003.111
gene_2034	1002.5
gene_2035	1375.25
gene_2036	1291.923
gene_2037	2130.1
gene_2038	2754.5
gene_2039	766
gene_2040	1288
gene_2041	2018.083
gene_2042	1942
gene_2043	1463.333
gene_2044	3827.143
gene_2045	1390.3
gene_2046	1044
gene_2047	3781.4
gene_2048	2946
gene_2049	1372.778
gene_2050	1128.167
gene_2051	1615.667
gene_2052	4674.5
gene_2053	984
gene_2054	808.125
gene_2055	1866
gene_2056	1647
gene_2057	2304.111
gene_2058	3619
gene_2059	1205.333
gene_2060	778
gene_2061	1010.381
gene_2062	839
gene_2063	1638
gene_2064	1132.647
gene_2065	846
gene_2066	1878.667
gene_2067	1393.333
gene_2068	2381.875
gene_2069	2056.375
gene_2070	1616.571
gene_2071	1081.889
gene_2072	2444
gene_2073	1370.333
gene_2074	1281.667
gene_2075	782.4
gene_2076	1633
gene_2077	487
gene_2078	2503.25
gene_2079	3189.25
gene_2080	96
gene_2081	1478.474
gene_2082	1437.125
gene_2083	860.8125
gene_2084	1648.667
gene_2085	3845
gene_2086	3379.5
gene_2087	1479.167
gene_2088	902
gene_2089	2025.111
gene_2090	3341.375
gene_2091	2481.2
gene_2092	2580
gene_2093	1249.333
gene_2094	1033.5
gene_2095	1386.143
gene_2096	1564.2
gene_2097	3647
gene_2098	1517.2
gene_2099	2789
gene_2100	1178.429
gene_2101	1380.8
gene_2102	1663.5
gene_2103	1183.333
gene_2104	2366.6
gene_2105	625
gene_2106	3941
gene_2107	1655.333
gene_2108	1211.444
gene_2109	6101
gene_2110	3202
gene_2111	1803.2
gene_2112	5715.2
gene_2113	1877.2
gene_2114	614.3333
gene_2115	1460.25
gene_2116	1020.857
gene_2117	1436.769
gene_2118	5509
gene_2119	1721.6
gene_2120	1085.5
gene_2121	1218.125
gene_2122	3719
gene_2123	1255.167
gene_2124	1149.333
gene_2125	499
gene_2126	1752.4
gene_2127	1390.333
gene_2128	2500.273
gene_2129	1696.75
gene_2130	2006.714
gene_2131	1523.333
gene_2132	1238.714
gene_2133	853
gene_2134	2663.444
gene_2135	2632.538
gene_2136	2516.786
gene_2137	1726.75
gene_2138	947.6
gene_2139	1127.556
gene_2140	2030.421
gene_2141	2993.9
gene_2142	853.5
gene_2143	969
gene_2144	761.3333
gene_2145	329
gene_2146	2224.5
gene_2147	1420.5
gene_2148	1443.625
gene_2149	1756.333
gene_2150	1002.286
gene_2151	3863
gene_2152	2852.4
gene_2153	1730.4
gene_2154	558.75
gene_2155	1716
gene_2156	1413.692
gene_2157	3729
gene_2158	1074.667
gene_2159	1024.944
gene_2160	1399
gene_2161	1819.556
gene_2162	1022.235
gene_2163	3623.5
gene_2164	2207.08
gene_2165	1351.824
gene_2166	1628.062
gene_2167	1172
gene_2168	1538.714
gene_2169	3718
gene_2170	907.6667
gene_2171	1751
gene_2172	1002.667
gene_2173	1833.833
gene_2174	4674
gene_2175	1618.81
gene_2176	1295
gene_2177	628.5
gene_2178	3369.75
gene_2179	2379
gene_2180	1108.923
gene_2181	1191.5
gene_2182	3340.6
gene_2183	2509.5
gene_2184	1997.833
gene_2185	1941.652
gene_2186	2049.333
gene_2187	1137.667
gene_2188	1310.5
gene_2189	3600.75
gene_2190	1313.704
gene_2191	2099.182
gene_2192	817.2
gene_2193	3918.583
gene_2194	1441.25
gene_2195	1433
gene_2196	3023.5
gene_2197	1946
gene_2198	1562.8
gene_2199	3236
gene_2200	1799
gene_2201	1863.5
gene_2202	910.6667
gene_2203	1836.75
gene_2204	2221
gene_2205	2056.1
gene_2206	1827.577
gene_2207	3724.667
gene_2208	1499.333
gene_2209	1003.7
gene_2210	1563.971
gene_2211	1252.067
gene_2212	1143.769
gene_2213	1094.7
gene_2214	854.5
gene_2215	889.2727
gene_2216	2654.5
gene_2217	1318.2
gene_2218	2145.071
gene_2219	5496.333
gene_2220	1211
gene_2221	2676.8
gene_2222	1320.727
gene_2223	1495.2
gene_2224	1277.222
gene_2225	1170
gene_2226	1318.562
gene_2227	1925
gene_2228	3044.5
gene_2229	6241.333
gene_2230	2613.857
gene_2231	864.5
gene_2232	2753
gene_2233	3281.4
gene_2234	1312
gene_2235	3082
gene_2236	2072.333
gene_2237	1322
gene_2238	1722.667
gene_2239	3004
gene_2240	4548.25
gene_2241	13222
gene_2242	1188
gene_2243	1212.833
gene_2244	1177.667
gene_2245	787.1667
gene_2246	295
gene_2247	4126
gene_2248	1772.48
gene_2249	2487
gene_2250	1964.167
gene_2251	2624.286
gene_2252	1145
gene_2253	1553.5
gene_2254	2249.1
gene_2255	3850.125
gene_2256	1707.625
gene_2257	8449.6
gene_2258	1138.571
gene_2259	2512
gene_2260	1132.4
gene_2261	2283.467
gene_2262	1574.273
gene_2263	1790
gene_2264	4719
gene_2265	2051.5
gene_2266	1361.583
gene_2267	1777.5
gene_2268	1329
gene_2269	5730.667
gene_2270	1320
gene_2271	3279.857
gene_2272	2441.7
gene_2273	963.5
gene_2274	1723.5
gene_2275	1014.2
gene_2276	1990
gene_2277	1258.542
gene_2278	1872.5
gene_2279	1068.478
gene_2280	279
gene_2281	1113
gene_2282	928.75
gene_2283	2005.333
gene_2284	2015
gene_2285	1457
gene_2286	1523.111
gene_2287	913
gene_2288	2556.667
gene_2289	1166.286
gene_2290	2052
gene_2291	1264.667
gene_2292	1196
gene_2293	1654.667
gene_2294	2650
gene_2295	2420.8
gene_2296	1447
gene_2297	1582
gene_2298	1912.364
gene_2299	1085
gene_2300	1600.846
gene_2301	1469
gene_2302	3138.429
gene_2303	2489.812
gene_2304	1255.286
gene_2305	1157.333
gene_2306	2081.75
gene_2307	1406.667
gene_2308	1108
gene_2309	2724.333
gene_2310	962.4118
gene_2311	1332.5
gene_2312	2044.545
gene_2313	4504
gene_2314	1412
gene_2315	938
gene_2316	1169.125
gene_2317	2828
gene_2318	1781
gene_2319	1358.429
gene_2320	3805.5
gene_2321	1139.8
gene_2322	1145.3
gene_2323	1238.3
gene_2324	1138.615
gene_2325	1200.867
gene_2326	1227.5
gene_2327	2032.667
gene_2328	1421.25
gene_2329	1048.857
gene_2330	4964
gene_2331	1281.333
gene_2332	3466.5
gene_2333	2113
gene_2334	717.8889
gene_2335	2039.8
gene_2336	2972.7
gene_2337	825.3333
gene_2338	1768.4
gene_2339	12839
gene_2340	1654.333
gene_2341	2016.333
gene_2342	1240.25
gene_2343	2150.778
gene_2344	5569
gene_2345	1237.667
gene_2346	1558.857
gene_2347	1381.5
gene_2348	2105.4
gene_2349	1453.375
gene_2350	1285.3
gene_2351	2799
gene_2352	1477.036
gene_2353	1063.375
gene_2354	864.5
gene_2355	4542.5
gene_2356	1171.4
gene_2357	787.4
gene_2358	4906
gene_2359	1041.5
gene_2360	972.8571
gene_2361	1028.6
gene_2362	2238
gene_2363	1274
gene_2364	1224.303
gene_2365	1686.778
gene_2366	1031.938
gene_2367	1573
gene_2368	752.4286
gene_2369	1172
gene_2370	1259
gene_2371	1718.083
gene_2372	5830
gene_2373	1028
gene_2374	936.8333
gene_2375	1243.091
gene_2376	3209.467
gene_2377	919.4375
gene_2378	781.9167
gene_2379	1323.5
gene_2380	1288.35
gene_2381	871.5
gene_2382	2362.636
gene_2383	1701.75
gene_2384	2236.5
gene_2385	1873.786
gene_2386	982
gene_2387	927.375
gene_2388	2015
gene_2389	2231.5
gene_2390	902
gene_2391	2142.75
gene_2392	1907.636
gene_2393	880.1667
gene_2394	2140.833
gene_2395	1592
gene_2396	815.5
gene_2397	1695.667
gene_2398	2033.7
gene_2399	1239.5
gene_2400	1715
gene_2401	1582.5
gene_2402	574
gene_2403	1272.667
gene_2404	911.7
gene_2405	1804.5
gene_2406	2438
gene_2407	1197.75
gene_2408	232
gene_2409	4046.889
gene_2410	972.25
gene_2411	2159
gene_2412	1873.5
gene_2413	786.3333
gene_2414	1636.25
gene_2415	3838
gene_2416	4547
gene_2417	1987.929
gene_2418	1282.5
gene_2419	1957.154
gene_2420	941
gene_2421	1560.714
gene_2422	730
gene_2423	2131.6
gene_2424	784.8
gene_2425	838.625
gene_2426	1076.5
gene_2427	3071.222
gene_2428	577.8182
gene_2429	1832.5
gene_2430	1879.667
gene_2431	3498
gene_2432	791.5
gene_2433	1992.667
gene_2434	1275.312
gene_2435	944
gene_2436	1579.4
gene_2437	1398.7
gene_2438	541.25
gene_2439	1490.438
gene_2440	583
gene_2441	999.6667
gene_2442	1808
gene_2443	2639
gene_2444	503
gene_2445	2500
gene_2446	691.4
gene_2447	1270.429
gene_2448	1758.5
gene_2449	751.3333
gene_2450	2954.733
gene_2451	1112.25
gene_2452	2244
gene_2453	1247.571
gene_2454	1363.333
gene_2455	7087.667
gene_2456	906.8
gene_2457	1217.286
gene_2458	2213.8
gene_2459	2117
gene_2460	1194.5
gene_2461	1346.667
gene_2462	1274.333
gene_2463	1621.833
gene_2464	1476
gene_2465	2768.75
gene_2466	2319
gene_2467	1536.25
gene_2468	1569.667
gene_2469	1097.556
gene_2470	1407
gene_2471	1501.714
gene_2472	1833.333
gene_2473	3538.75
gene_2474	2032
gene_2475	3148.75
gene_2476	684.5
gene_2477	2287
gene_2478	2516.556
gene_2479	1355.333
gene_2480	2411
gene_2481	3115.833
gene_2482	762.25
gene_2483	1337.4
gene_2484	2748.556
gene_2485	906
gene_2486	943.4444
gene_2487	1491
gene_2488	1879
gene_2489	2010
gene_2490	2421
gene_2491	1051.375
gene_2492	2620.571
gene_2493	1874.6
gene_2494	3007.5
gene_2495	3457
gene_2496	1125
gene_2497	1555
gene_2498	2326.444
gene_2499	1642
gene_2500	1475.833
gene_2501	986.6
gene_2502	3815.625
gene_2503	1391.2
gene_2504	1424.538
gene_2505	784
gene_2506	2509
gene_2507	5288.333
gene_2508	1193.286
gene_2509	2595.25
gene_2510	2413.333
gene_2511	607
gene_2512	2146.167
gene_2513	1447.429
gene_2514	1284.8
gene_2515	1511
gene_2516	1757.364
gene_2517	1532.929
gene_2518	4463
gene_2519	1735.875
gene_2520	1659.111
gene_2521	2840.455
gene_2522	1385.435
gene_2523	1245.2
gene_2524	1944.571
gene_2525	953.5455
gene_2526	1335.923
gene_2527	810.5
gene_2528	604.5
gene_2529	2237.6
gene_2530	1054
gene_2531	46
gene_2532	1586
gene_2533	1381.75
gene_2534	582.3333
gene_2535	756.6667
gene_2536	688.5
gene_2537	819.1429
gene_2538	839
gene_2539	1319
gene_2540	1221.571
gene_2541	1041
gene_2542	1270
gene_2543	608.75
gene_2544	2833.667
gene_2545	3523.375
gene_2546	867.7778
gene_2547	1844
gene_2548	1932.188
gene_2549	945
gene_2550	301
gene_2551	1804.6
gene_2552	3579
gene_2553	748
gene_2554	2525.667
gene_2555	690
gene_2556	4229
gene_2557	886.2
gene_2558	968.75
gene_2559	2031
gene_2560	719.6667
gene_2561	3605.333
gene_2562	1252.25
gene_2563	2285.333
gene_2564	1809.545
gene_2565	1124
gene_2566	1721.5
gene_2567	1007.333
gene_2568	838.5
gene_2569	1733
gene_2570	49
gene_2571	4250
gene_2572	1172.2
gene_2573	880
gene_2574	1827.2
gene_2575	1220.25
gene_2576	1444.895
gene_2577	315
gene_2578	677.25
gene_2579	808.6667
gene_2580	2218.6
gene_2581	624.4
gene_2582	1104
gene_2583	1073.667
gene_2584	958.8571
gene_2585	741
gene_2586	2542
gene_2587	3764
gene_2588	944.6667
gene_2589	1656.909
gene_2590	3517
gene_2591	1452.889
gene_2592	1073
gene_2593	1414.25
gene_2594	659
gene_2595	1465.75
gene_2596	2568
gene_2597	804.6667
gene_2598	1058.964
gene_2599	1254
gene_2600	1218.5
gene_2601	2341.4
gene_2602	1914.571
gene_2603	1678.846
gene_2604	2110
gene_2605	2123.25
gene_2606	2431.125
gene_2607	4461
gene_2608	938.9231
gene_2609	2149.167
gene_2610	2404.167
gene_2611	2922
gene_2612	1112.615
gene_2613	1215.25
gene_2614	3113.5
gene_2615	3590
gene_2616	4252
gene_2617	659.5
gene_2618	1855.4
gene_2619	1163.467
gene_2620	1711.643
gene_2621	1401.067
gene_2622	1389.444
gene_2623	1236.25
gene_2624	1336
gene_2625	2959.8
gene_2626	1221.421
gene_2627	1140.333
gene_2628	569.75
gene_2629	2431.25
gene_2630	1410.889
gene_2631	2025.889
gene_2632	1617
gene_2633	1913.75
gene_2634	1308.25
gene_2635	781.8333
gene_2636	2107.25
gene_2637	1274.444
gene_2638	2493.6
gene_2639	6198
gene_2640	1946.429
gene_2641	3927.278
gene_2642	954.5
gene_2643	1843
gene_2644	2038
gene_2645	1388.286
gene_2646	876.5
gene_2647	3621.5
gene_2648	3192.5
gene_2649	2467.714
gene_2650	3708.667
gene_2651	1590.833
gene_2652	45
gene_2653	3347
gene_2654	5571.583
gene_2655	1295.75
gene_2656	1886.308
gene_2657	3193
gene_2658	811.5
gene_2659	1538.444
gene_2660	3214
gene_2661	3513.143
gene_2662	1147
gene_2663	1510.75
gene_2664	1265.167
gene_2665	846.2
gene_2666	1772
gene_2667	940
gene_2668	1404.5
gene_2669	1052.308
gene_2670	2821.917
gene_2671	1146.083
gene_2672	1640.333
gene_2673	1506.167
gene_2674	1024
gene_2675	3057.143
gene_2676	3569.6
gene_2677	1103.077
gene_2678	1829.571
gene_2679	950.0714
gene_2680	1244
gene_2681	631
gene_2682	1473.556
gene_2683	1821.125
gene_2684	938
gene_2685	1548.1
gene_2686	1951.714
gene_2687	2411.588
gene_2688	2668.667
gene_2689	1320.4
gene_2690	2349.2
gene_2691	2824
gene_2692	1950.286
gene_2693	701.75
gene_2694	1451.316
gene_2695	2091
gene_2696	1794.667
gene_2697	717
gene_2698	2067.444
gene_2699	816
gene_2700	794.4286
gene_2701	1056.25
gene_2702	820
gene_2703	1934.533
gene_2704	7617.5
gene_2705	561
gene_2706	1463.429
gene_2707	2869.556
gene_2708	755.5
gene_2709	1538
gene_2710	1814.32
gene_2711	1453.111
gene_2712	2816.778
gene_2713	1481
gene_2714	1315.5
gene_2715	981
gene_2716	2187
gene_2717	1219.737
gene_2718	2364.5
gene_2719	1544.25
gene_2720	1670.571
gene_2721	410
gene_2722	1070
gene_2723	3042.667
gene_2724	1586.167
gene_2725	1420.444
gene_2726	1774.333
gene_2727	2852
gene_2728	1422.188
gene_2729	6228
gene_2730	2764.286
gene_2731	766.4167
gene_2732	1065.474
gene_2733	955.3333
gene_2734	1247.042
gene_2735	3927
gene_2736	1892
gene_2737	613
gene_2738	1772
gene_2739	2244.667
gene_2740	918.1176
gene_2741	945.6429
gene_2742	1440.429
gene_2743	3925.375
gene_2744	719.1111
gene_2745	1955
gene_2746	2393.6
gene_2747	2922.75
gene_2748	2349
gene_2749	2488.5
gene_2750	2083.667
gene_2751	2329.619
gene_2752	1119.444
gene_2753	1561.5
gene_2754	996.8125
gene_2755	1699.286
gene_2756	1303.714
gene_2757	964.6
gene_2758	1885.667
gene_2759	1879.909
gene_2760	1019
gene_2761	944
gene_2762	670.1667
gene_2763	884.6667
gene_2764	1660.818
gene_2765	1367
gene_2766	961
gene_2767	1614
gene_2768	2475.938
gene_2769	1592.467
gene_2770	752
gene_2771	579
gene_2772	798
gene_2773	1706.429
gene_2774	1209.667
gene_2775	1577.667
gene_2776	3058.667
gene_2777	5853
gene_2778	935
gene_2779	1835.364
gene_2780	345
gene_2781	1189.125
gene_2782	1833.222
gene_2783	2181.667
gene_2784	1274
gene_2785	2603.333
gene_2786	1681.5
gene_2787	1384.615
gene_2788	2056.889
gene_2789	4643
gene_2790	4217.25
gene_2791	1622.667
gene_2792	1448.625
gene_2793	2178
gene_2794	1496.1
gene_2795	1109
gene_2796	469
gene_2797	1397.429
gene_2798	1852.385
gene_2799	665.6667
gene_2800	4273.25
gene_2801	1411.5
gene_2802	948.1429
gene_2803	1578
gene_2804	989.6667
gene_2805	1025.458
gene_2806	1084
gene_2807	1239.333
gene_2808	1285.556
gene_2809	977
gene_2810	2295
gene_2811	2189.5
gene_2812	1190.25
gene_2813	4186
gene_2814	1491.714
gene_2815	765
gene_2816	736.3333
gene_2817	1592
gene_2818	1792.833
gene_2819	1175
gene_2820	1617.667
gene_2821	1171.111
gene_2822	1751.438
gene_2823	1510.917
gene_2824	1116
gene_2825	1776.636
gene_2826	1254.833
gene_2827	1124.125
gene_2828	1306.6
gene_2829	2632.5
gene_2830	1656.588
gene_2831	1961
gene_2832	2590.077
gene_2833	2038
gene_2834	1973
gene_2835	907.3333
gene_2836	1847.727
gene_2837	833.2
gene_2838	3066.2
gene_2839	3081
gene_2840	1088
gene_2841	2310
gene_2842	1829
gene_2843	817.2857
gene_2844	1821.667
gene_2845	2746
gene_2846	1976
gene_2847	1116.429
gene_2848	3374
gene_2849	2213.583
gene_2850	996.9
gene_2851	1029.5
gene_2852	1878.5
gene_2853	2652.4
gene_2854	1794
gene_2855	1443
gene_2856	1772
gene_2857	1223.875
gene_2858	5385
gene_2859	2111.667
gene_2860	1479.6
gene_2861	682
gene_2862	1037
gene_2863	4512
gene_2864	950
gene_2865	1037
gene_2866	1344.286
gene_2867	5252
gene_2868	289
gene_2869	1338.667
gene_2870	2567
gene_2871	1536.571
gene_2872	977.75
gene_2873	2405
gene_2874	1801.667
gene_2875	1435.368
gene_2876	3514
gene_2877	2346.333
gene_2878	3759.333
gene_2879	2863.5
gene_2880	1910.333
gene_2881	1077
gene_2882	3629
gene_2883	2467.818
gene_2884	1990.5
gene_2885	972.8333
gene_2886	558.5
gene_2887	1122.588
gene_2888	5350.5
gene_2889	1322.545
gene_2890	1726.2
gene_2891	1224.2
gene_2892	1249
gene_2893	2065
gene_2894	3120.333
gene_2895	2637
gene_2896	2071.455
gene_2897	2369.5
gene_2898	4155
gene_2899	905.8889
gene_2900	1402.933
gene_2901	3586.857
gene_2902	4504.667
gene_2903	5173
gene_2904	1129.625
gene_2905	1860.25
gene_2906	1167.444
gene_2907	1222.333
gene_2908	1197.833
gene_2909	3137.25
gene_2910	1124.789
gene_2911	1567.375
gene_2912	1348.111
gene_2913	1945
gene_2914	2782.833
gene_2915	1577.5
gene_2916	1876
gene_2917	3283.2
gene_2918	1658.333
gene_2919	1113
gene_2920	1282.6
gene_2921	941
gene_2922	4663.5
gene_2923	2567.25
gene_2924	1481.941
gene_2925	1712
gene_2926	1084.526
gene_2927	2638
gene_2928	1757.667
gene_2929	1122.75
gene_2930	1788.5
gene_2931	864.6
gene_2932	2890.5
gene_2933	1565.091
gene_2934	1508.667
gene_2935	1428.56
gene_2936	1431.667
gene_2937	1894.143
gene_2938	1015.643
gene_2939	2187
gene_2940	1873.385
gene_2941	1433.333
gene_2942	3905.636
gene_2943	2879
gene_2944	918.5
gene_2945	6094
gene_2946	1386.917
gene_2947	1636
gene_2948	1010.4
gene_2949	1340.538
gene_2950	1519.091
gene_2951	1745.833
gene_2952	931.6667
gene_2953	2953.167
gene_2954	1484
gene_2955	1346
gene_2956	3051.429
gene_2957	885.5
gene_2958	2107.333
gene_2959	2343
gene_2960	751.1429
gene_2961	1594.5
gene_2962	2830.222
gene_2963	1440
gene_2964	2847
gene_2965	647.4667
gene_2966	386.6667
gene_2967	1583
gene_2968	1828
gene_2969	1195
gene_2970	1012
gene_2971	1232.5
gene_2972	1729.4
gene_2973	1756.5
gene_2974	1021.571
gene_2975	1922.143
gene_2976	1716.625
gene_2977	896
gene_2978	1490
gene_2979	2364.667
gene_2980	3101.5
gene_2981	606.1429
gene_2982	646
gene_2983	1186.8
gene_2984	2604.625
gene_2985	214
gene_2986	1810.625
gene_2987	3527.5
gene_2988	1464.091
gene_2989	1853
gene_2990	2918.385
gene_2991	1072.7
gene_2992	2500.111
gene_2993	1170.75
gene_2994	2671.333
gene_2995	2214.143
gene_2996	838
gene_2997	3224.5
gene_2998	1034
gene_2999	1262
gene_3000	1535.917
gene_3001	2223.833
gene_3002	1461.818
gene_3003	3346
gene_3004	1164.5
gene_3005	615
gene_3006	2131.571
gene_3007	1224.615
gene_3008	2358
gene_3009	514
gene_3010	1016.188
gene_3011	3755
gene_3012	1699
gene_3013	790.1111
gene_3014	1717.5
gene_3015	1810
gene_3016	1369.263
gene_3017	1477.364
gene_3018	1109.667
gene_3019	1790.818
gene_3020	3404.75
gene_3021	1308.3
gene_3022	1262.4
gene_3023	1150.25
gene_3024	2234.75
gene_3025	1280.167
gene_3026	1633.111
gene_3027	1320.75
gene_3028	1680.444
gene_3029	1208.571
gene_3030	2096.5
gene_3031	2125.889
gene_3032	1143.444
gene_3033	953.5
gene_3034	935
gene_3035	2891
gene_3036	8209
gene_3037	2419.333
gene_3038	569
gene_3039	752.1667
gene_3040	1017.667
gene_3041	938
gene_3042	1511.692
gene_3043	1635.833
gene_3044	2449.75
gene_3045	7853.5
gene_3046	984.5
gene_3047	509
gene_3048	1004
gene_3049	2042.5
gene_3050	1412.231
gene_3051	1248
gene_3052	5686
gene_3053	1833.364
gene_3054	1131.923
gene_3055	2287
gene_3056	1125.364
gene_3057	754
gene_3058	969.5
gene_3059	2283
gene_3060	1916.182
gene_3061	2922.667
gene_3062	594
gene_3063	1715
gene_3064	2108.4
gene_3065	2763.333
gene_3066	941
gene_3067	1924.5
gene_3068	1288.1
gene_3069	5408
gene_3070	752.3333
gene_3071	2393.333
gene_3072	2218
gene_3073	1694
gene_3074	1102.5
gene_3075	1939
gene_3076	953
gene_3077	2627.25
gene_3078	1297.545
gene_3079	2680
gene_3080	2644.875
gene_3081	1649
gene_3082	660.3333
gene_3083	681.5714
gene_3084	987.4615
gene_3085	1604
gene_3086	2441
gene_3087	1429.625
gene_3088	1716.5
gene_3089	1098.286
gene_3090	3581.143
gene_3091	2445.857
gene_3092	936.7778
gene_3093	4562.5
gene_3094	601
gene_3095	1282.273
gene_3096	906.3571
gene_3097	929.7143
gene_3098	3825.75
gene_3099	2686
gene_3100	1682.455
gene_3101	2912.5
gene_3102	2143.7
gene_3103	5013.6
gene_3104	852
gene_3105	1661.917
gene_3106	1130.429
gene_3107	2074.75
gene_3108	2648
gene_3109	775.3333
gene_3110	1462
gene_3111	926.5
gene_3112	757.5
gene_3113	3232.5
gene_3114	786
gene_3115	1214
gene_3116	1988.19
gene_3117	4777.5
gene_3118	1240.167
gene_3119	1614.929
gene_3120	909
gene_3121	2940
gene_3122	1396.68
gene_3123	11648.5
gene_3124	1200.364
gene_3125	5237.333
gene_3126	1065.625
gene_3127	1997
gene_3128	1418
gene_3129	1825.5
gene_3130	779.2
gene_3131	968
gene_3132	1228
gene_3133	4442
gene_3134	1537.667
gene_3135	1331
gene_3136	1347.538
gene_3137	1638
gene_3138	1164.643
gene_3139	770.6667
gene_3140	1374.5
gene_3141	888
gene_3142	1675.4
gene_3143	2440.333
gene_3144	2310
gene_3145	371
gene_3146	2970
gene_3147	1033.4
gene_3148	2314
gene_3149	1258.632
gene_3150	1102.333
gene_3151	1126.25
gene_3152	955
gene_3153	2563.976
gene_3154	1812.429
gene_3155	1550.545
gene_3156	761
gene_3157	1241.8
gene_3158	1678.8
gene_3159	2143
gene_3160	1975.75
gene_3161	1032
gene_3162	1592
gene_3163	3561.5
gene_3164	704
gene_3165	1820.25
gene_3166	5185
gene_3167	5001
gene_3168	4764.062
gene_3169	495.1667
gene_3170	6150
gene_3171	864.0556
gene_3172	1610.4
gene_3173	1642.5
gene_3174	2785
gene_3175	1873
gene_3176	892.5
gene_3177	967.04
gene_3178	3310.5
gene_3179	2618.25
gene_3180	1085
gene_3181	2184
gene_3182	1307.5
gene_3183	650
gene_3184	3067.8
gene_3185	1564
gene_3186	2915
gene_3187	1750.5
gene_3188	2244
gene_3189	2422.6
gene_3190	1571.2
gene_3191	1739
gene_3192	1746.429
gene_3193	2534.8
gene_3194	872
gene_3195	2283.333
gene_3196	1016
gene_3197	2555.167
gene_3198	2042.571
gene_3199	2261.6
gene_3200	1336.429
gene_3201	965.5
gene_3202	5810.5
gene_3203	465.5
gene_3204	1155
gene_3205	2681.4
gene_3206	1554.455
gene_3207	1563.417
gene_3208	1709
gene_3209	1539.4
gene_3210	2315.333
gene_3211	1338.5
gene_3212	2739
gene_3213	2071.833
gene_3214	7666
gene_3215	890.1053
gene_3216	811.4444
gene_3217	3122.857
gene_3218	963.6
gene_3219	1197.2
gene_3220	2177.6
gene_3221	342
gene_3222	987.9744
gene_3223	3916.75
gene_3224	1665.556
gene_3225	909.75
gene_3226	633.25
gene_3227	2524.625
gene_3228	3337
gene_3229	1890
gene_3230	1055.7
gene_3231	2642
gene_3232	597.5
gene_3233	1926.635
gene_3234	1077
gene_3235	1036.733
gene_3236	1100
gene_3237	3145.25
gene_3238	1955.286
gene_3239	1388.571
gene_3240	1060.5
gene_3241	932
gene_3242	1152
gene_3243	2567
gene_3244	4126.25
gene_3245	2011.667
gene_3246	1699.5
gene_3247	1505.2
gene_3248	1520
gene_3249	1435.083
gene_3250	262
gene_3251	1855.667
gene_3252	2101
gene_3253	1478.257
gene_3254	1266.438
gene_3255	887.7083
gene_3256	1396.4
gene_3257	1523
gene_3258	1033
gene_3259	1641
gene_3260	2864
gene_3261	1547
gene_3262	3708.381
gene_3263	1302
gene_3264	3184
gene_3265	1392.333
gene_3266	1432.75
gene_3267	1804.533
gene_3268	2306
gene_3269	1396.684
gene_3270	938
gene_3271	1309
gene_3272	1633
gene_3273	1322.5
gene_3274	4501
gene_3275	190
gene_3276	1636.667
gene_3277	4149.75
gene_3278	632
gene_3279	953
gene_3280	2000
gene_3281	1415.667
gene_3282	2164.364
gene_3283	1179.5
gene_3284	660.8
gene_3285	1223.778
gene_3286	1451
gene_3287	3304.667
gene_3288	2019.2
gene_3289	2968.5
gene_3290	2432
gene_3291	693
gene_3292	965.2857
gene_3293	1233.5
gene_3294	601
gene_3295	1103.5
gene_3296	1070.125
gene_3297	2275.05
gene_3298	693.125
gene_3299	1666.75
gene_3300	3589.273
gene_3301	813.4286
gene_3302	1386
gene_3303	1081
gene_3304	1827.5
gene_3305	4540.2
gene_3306	2237.8
gene_3307	1114
gene_3308	914.6667
gene_3309	2122.636
gene_3310	2343.667
gene_3311	1174.375
gene_3312	3101.5
gene_3313	2222.2
gene_3314	2792.5
gene_3315	6292.833
gene_3316	2089.818
gene_3317	1314.545
gene_3318	1278.231
gene_3319	1823.167
gene_3320	3494
gene_3321	3420.111
gene_3322	612.0769
gene_3323	1171
gene_3324	1372.25
gene_3325	4653.667
gene_3326	1243.45
gene_3327	2324.04
gene_3328	846
gene_3329	1900.455
gene_3330	3336
gene_3331	1585.154
gene_3332	1529.4
gene_3333	2345.333
gene_3334	1869.5
gene_3335	2294.5
gene_3336	1099
gene_3337	462
gene_3338	1353
gene_3339	1404
gene_3340	1780
gene_3341	841
gene_3342	914.9688
gene_3343	1493.125
gene_3344	1023.667
gene_3345	2278.75
gene_3346	1635
gene_3347	651.3333
gene_3348	1607.8
gene_3349	2805
gene_3350	953
gene_3351	3146.5
gene_3352	1611.5
gene_3353	7220
gene_3354	2012.25
gene_3355	1987.1
gene_3356	1604.364
gene_3357	1883.4
gene_3358	3190.5
gene_3359	1152.2
gene_3360	1937.5
gene_3361	1494.5
gene_3362	3374
gene_3363	2007.667
gene_3364	272
gene_3365	3804.5
gene_3366	4295.5
gene_3367	3164.6
gene_3368	938
gene_3369	1793.765
gene_3370	1582.062
gene_3371	1154.5
gene_3372	867.7368
gene_3373	2370
gene_3374	975.125
gene_3375	1558.4
gene_3376	2749.6
gene_3377	1922.3
gene_3378	3228.667
gene_3379	2092
gene_3380	1034
gene_3381	2188
gene_3382	692
gene_3383	2546.667
gene_3384	1754.75
gene_3385	1223.2
gene_3386	5746
gene_3387	1133.583
gene_3388	1254
gene_3389	1146.5
gene_3390	1983.5
gene_3391	2551.778
gene_3392	1151.5
gene_3393	1480.333
gene_3394	4162
gene_3395	957
gene_3396	2275.333
gene_3397	548
gene_3398	1065.154
gene_3399	522
gene_3400	997.25
gene_3401	1491.286
gene_3402	1569.273
gene_3403	824.5
gene_3404	2612
gene_3405	1048.536
gene_3406	56
gene_3407	1306.333
gene_3408	695.5
gene_3409	2008.7
gene_3410	2465
gene_3411	3051
gene_3412	2049.5
gene_3413	42
gene_3414	648
gene_3415	1561.5
gene_3416	794.0714
gene_3417	2567.167
gene_3418	1000.75
gene_3419	2135.714
gene_3420	1408.5
gene_3421	586
gene_3422	1284.091
gene_3423	1767.4
gene_3424	1776.95
gene_3425	1148.8
gene_3426	566
gene_3427	2362
gene_3428	478.7
gene_3429	2139.8
gene_3430	2314.667
gene_3431	2131.5
gene_3432	1232.091
gene_3433	1252.652
gene_3434	2383.75
gene_3435	2472.188
gene_3436	703
gene_3437	756.5
gene_3438	2333.364
gene_3439	899.5556
gene_3440	1554.556
gene_3441	1898.667
gene_3442	2154.273
gene_3443	818.4444
gene_3444	810.9286
gene_3445	701.3333
gene_3446	671.1053
gene_3447	3443
gene_3448	5861
gene_3449	1233.636
gene_3450	812
gene_3451	1619.667
gene_3452	11003.4
gene_3453	3181
gene_3454	1844
gene_3455	5326.75
gene_3456	3142.6
gene_3457	1095.583
gene_3458	848.5714
gene_3459	3361.5
gene_3460	4973
gene_3461	3093.25
gene_3462	1154
gene_3463	1495
gene_3464	1059
gene_3465	2900.667
gene_3466	1731
gene_3467	1676.2
gene_3468	2366
gene_3469	768
gene_3470	2233.25
gene_3471	1389
gene_3472	1566.714
gene_3473	1501.455
gene_3474	1234.286
gene_3475	1928.625
gene_3476	1849.562
gene_3477	1674.4
gene_3478	1280.3
gene_3479	1258.667
gene_3480	3046.6
gene_3481	1932.5
gene_3482	1183.778
gene_3483	2292.5
gene_3484	1107.4
gene_3485	1253.167
gene_3486	2040
gene_3487	3491.6
gene_3488	1628.85
gene_3489	2529.667
gene_3490	1537.208
gene_3491	1910.333
gene_3492	1762
gene_3493	2278
gene_3494	4110.571
gene_3495	998.4615
gene_3496	3511.857
gene_3497	1574.125
gene_3498	3324.5
gene_3499	1558
gene_3500	1895.45
gene_3501	5425
gene_3502	1963
gene_3503	2086.889
gene_3504	540.4
gene_3505	1528.4
gene_3506	812.8182
gene_3507	1648.107
gene_3508	3127.667
gene_3509	2029
gene_3510	2028.091
gene_3511	2061.714
gene_3512	2974.25
gene_3513	2371
gene_3514	5510
gene_3515	3596
gene_3516	1294.625
gene_3517	1199
gene_3518	2072.5
gene_3519	1304
gene_3520	1952
gene_3521	2598.5
gene_3522	1258.875
gene_3523	1228
gene_3524	772.8
gene_3525	1951.75
gene_3526	1222.385
gene_3527	2205
gene_3528	1863
gene_3529	1458.714
gene_3530	1268.294
gene_3531	1289
gene_3532	1602.455
gene_3533	1617.6
gene_3534	708
gene_3535	2149.143
gene_3536	603
gene_3537	1254
gene_3538	1241.1
gene_3539	2591.375
gene_3540	3551.667
gene_3541	1649
gene_3542	2181
gene_3543	2879.4
gene_3544	1191.176
gene_3545	1306
gene_3546	1082.1
gene_3547	1765.5
gene_3548	1201.143
gene_3549	1114.778
gene_3550	31
gene_3551	1826.5
gene_3552	701
gene_3553	2648
gene_3554	2380
gene_3555	768.4118
gene_3556	3302
gene_3557	764
gene_3558	1960
gene_3559	3489.5
gene_3560	2222.333
gene_3561	2514
gene_3562	4134
gene_3563	1070
gene_3564	2252.333
gene_3565	1765.6
gene_3566	868.3333
gene_3567	762.6667
gene_3568	1948.714
gene_3569	1346.8
gene_3570	1035
gene_3571	526.5
gene_3572	1795.571
gene_3573	1500.5
gene_3574	1370.375
gene_3575	2377.125
gene_3576	1121.625
gene_3577	906.9167
gene_3578	935
gene_3579	1798.707
gene_3580	1208.6
gene_3581	1655.5
gene_3582	880.375
gene_3583	959.2
gene_3584	2274.2
gene_3585	939.8333
gene_3586	2183.714
gene_3587	5509.375
gene_3588	1335.333
gene_3589	2231.625
gene_3590	1086
gene_3591	708.75
gene_3592	1408.556
gene_3593	1466.154
gene_3594	2219.2
gene_3595	1204.25
gene_3596	553
gene_3597	2288
gene_3598	1312.105
gene_3599	2645.75
gene_3600	4373.273
gene_3601	1603
gene_3602	1654.8
gene_3603	1516.667
gene_3604	645
gene_3605	1054.818
gene_3606	548.8571
gene_3607	1879.4
gene_3608	2157.211
gene_3609	2093.333
gene_3610	945.75
gene_3611	1232.667
gene_3612	3005.667
gene_3613	715.5
gene_3614	1685
gene_3615	2576.188
gene_3616	1018
gene_3617	1259.3
gene_3618	1310.111
gene_3619	2208.333
gene_3620	954
gene_3621	1027
gene_3622	914
gene_3623	2990
gene_3624	1793
gene_3625	1041
gene_3626	3027.562
gene_3627	3238
gene_3628	1793.667
gene_3629	1421.5
gene_3630	934.2
gene_3631	2020
gene_3632	1723.4
gene_3633	2172.077
gene_3634	4470.5
gene_3635	1512.636
gene_3636	854.9286
gene_3637	2659
gene_3638	1624
gene_3639	837
gene_3640	684.7778
gene_3641	1091.667
gene_3642	1105.667
gene_3643	1112
gene_3644	1639.429
gene_3645	2788.6
gene_3646	5527.5
gene_3647	1124.462
gene_3648	2487.5
gene_3649	1327
gene_3650	756.25
gene_3651	933.8
gene_3652	2402.727
gene_3653	1587.75
gene_3654	3082.652
gene_3655	1071.081
gene_3656	911.6667
gene_3657	826.3333
gene_3658	1561.5
gene_3659	1338
gene_3660	1215.913
gene_3661	1874
gene_3662	1535.857
gene_3663	1136.5
gene_3664	3877
gene_3665	990
gene_3666	995
gene_3667	1551.588
gene_3668	1054.25
gene_3669	1783
gene_3670	1401.933
gene_3671	1305.667
gene_3672	3357
gene_3673	3057.25
gene_3674	1984.231
gene_3675	1514.63
gene_3676	1035.375
gene_3677	892.8
gene_3678	3128.833
gene_3679	1606.5
gene_3680	2535.8
gene_3681	1260.111
gene_3682	1533.4
gene_3683	1013
gene_3684	2355.75
gene_3685	4696.5
gene_3686	929
gene_3687	1292.889
gene_3688	989.5833
gene_3689	951.2
gene_3690	1053
gene_3691	3501
gene_3692	1121
gene_3693	1474.125
gene_3694	3893.357
gene_3695	1475.75
gene_3696	4241
gene_3697	1428
gene_3698	1664.762
gene_3699	3051.6
gene_3700	1553.857
gene_3701	1769
gene_3702	1468.062
gene_3703	1554.8
gene_3704	882.8
gene_3705	1518.5
gene_3706	2281.5
gene_3707	1596.333
gene_3708	1570.75
gene_3709	2214.727
gene_3710	1397.786
gene_3711	917
gene_3712	1692.6
gene_3713	1594.182
gene_3714	1097.25
gene_3715	3485.4
gene_3716	832
gene_3717	970.2857
gene_3718	2084.429
gene_3719	1521
gene_3720	950
gene_3721	3665.5
gene_3722	1038
gene_3723	1165.444
gene_3724	1726.933
gene_3725	1030.143
gene_3726	1221.85
gene_3727	1451
gene_3728	2152.727
gene_3729	544
gene_3730	1042.6
gene_3731	1555.5
gene_3732	891.2
gene_3733	1622.5
gene_3734	1066.167
gene_3735	941
gene_3736	1788.25
gene_3737	2318.556
gene_3738	1502.2
gene_3739	3121.5
gene_3740	944
gene_3741	3539.5
gene_3742	2708.273
gene_3743	1671.917
gene_3744	1742.167
gene_3745	967.75
gene_3746	1691.5
gene_3747	2005
gene_3748	1653.429
gene_3749	1243.583
gene_3750	1345.741
gene_3751	1018.5
gene_3752	586.3636
gene_3753	1782.75
gene_3754	2561.75
gene_3755	2174
gene_3756	758
gene_3757	889.75
gene_3758	1195.2
gene_3759	1756.333
gene_3760	1227.143
gene_3761	1720.643
gene_3762	3005
gene_3763	2560
gene_3764	1168.308
gene_3765	1894.167
gene_3766	1179.143
gene_3767	1411
gene_3768	4680.368
gene_3769	989
gene_3770	1335.5
gene_3771	745.25
gene_3772	1606.923
gene_3773	1521.625
gene_3774	3071.333
gene_3775	2631
gene_3776	1942.444
gene_3777	1928.846
gene_3778	3280
gene_3779	1590.125
gene_3780	866.8571
gene_3781	1638
gene_3782	2579
gene_3783	3333
gene_3784	2505
gene_3785	2310.667
gene_3786	1529.111
gene_3787	1244.385
gene_3788	1955
gene_3789	1687.583
gene_3790	1563.286
gene_3791	780.5714
gene_3792	9549.667
gene_3793	1154.929
gene_3794	1022
gene_3795	1741.6
gene_3796	1645.333
gene_3797	785.25
gene_3798	1615.733
gene_3799	1353.708
gene_3800	1596.429
gene_3801	2782.154
gene_3802	1841.333
gene_3803	2588
gene_3804	813
gene_3805	4496
gene_3806	2290.765
gene_3807	1813.125
gene_3808	1584.333
gene_3809	1127.333
gene_3810	917.8571
gene_3811	1347.833
gene_3812	2730.857
gene_3813	607
gene_3814	1336.5
gene_3815	1765
gene_3816	1999
gene_3817	967.25
gene_3818	2076.438
gene_3819	2288
gene_3820	1891.091
gene_3821	1755
gene_3822	1440.417
gene_3823	2529.5
gene_3824	956.25
gene_3825	957.3333
gene_3826	1698.333
gene_3827	1244
gene_3828	1048.667
gene_3829	1013.2
gene_3830	1578
gene_3831	2167.111
gene_3832	1172.077
gene_3833	1156
gene_3834	3982.5
gene_3835	977.8
gene_3836	1319
gene_3837	2331.25
gene_3838	2603
gene_3839	1673.278
gene_3840	6460.25
gene_3841	1036
gene_3842	1557.778
gene_3843	3282.455
gene_3844	3389
gene_3845	3007.5
gene_3846	2954
gene_3847	1185.5
gene_3848	433.5
gene_3849	1244.889
gene_3850	2833.222
gene_3851	1262.5
gene_3852	1425.933
gene_3853	1363.857
gene_3854	2793
gene_3855	725.4286
gene_3856	1357.583
gene_3857	2272.333
gene_3858	1004.45
gene_3859	714.75
gene_3860	1717.3
gene_3861	2587.8
gene_3862	738
gene_3863	406
gene_3864	1567.429
gene_3865	1166.824
gene_3866	1434.667
gene_3867	1683
gene_3868	2098.143
gene_3869	1410.389
gene_3870	1022.429
gene_3871	797.8
gene_3872	953.5
gene_3873	1529
gene_3874	2292.818
gene_3875	910.5882
gene_3876	971
gene_3877	886
gene_3878	2873.273
gene_3879	4462
gene_3880	1210
gene_3881	1988
gene_3882	378
gene_3883	971
gene_3884	1816.5
gene_3885	1539.091
gene_3886	1886
gene_3887	2796.286
gene_3888	1768
gene_3889	1400.312
gene_3890	2941
gene_3891	1030.294
gene_3892	1410.273
gene_3893	1493.5
gene_3894	1353.333
gene_3895	1861.625
gene_3896	1112
gene_3897	3240
gene_3898	1397.2
gene_3899	2231.75
gene_3900	2078.2
gene_3901	714
gene_3902	1431.333
gene_3903	1480.667
gene_3904	4029.5
gene_3905	1251.152
gene_3906	960.5
gene_3907	2033.667
gene_3908	1718.857
gene_3909	1258.871
gene_3910	1184
gene_3911	1541.5
gene_3912	1111.5
gene_3913	599
gene_3914	1893.9
gene_3915	1834.111
gene_3916	3376
gene_3917	1034.75
gene_3918	574.3333
gene_3919	3343
gene_3920	1022.667
gene_3921	1415
gene_3922	1043.207
gene_3923	4721.75
gene_3924	1022.545
gene_3925	563.5
gene_3926	1670
gene_3927	1162.214
gene_3928	1146
gene_3929	4889.833
gene_3930	1488
gene_3931	665.5
gene_3932	795.5
gene_3933	1148
gene_3934	1026.643
gene_3935	467
gene_3936	1111.8
gene_3937	1164.091
gene_3938	1312.5
gene_3939	1550.6
gene_3940	2165.5
gene_3941	3729.7
gene_3942	2318.833
gene_3943	701.6
gene_3944	2397.714
gene_3945	3286
gene_3946	1435.176
gene_3947	997.5833
gene_3948	1862.857
gene_3949	1051.5
gene_3950	960.7857
gene_3951	4468.333
gene_3952	4889
gene_3953	1488
gene_3954	1145.5
gene_3955	1295.917
gene_3956	1900.667
gene_3957	1670
gene_3958	1141.367
gene_3959	1093.333
gene_3960	340
gene_3961	3475.4
gene_3962	5904
gene_3963	1062
gene_3964	3942
gene_3965	754.8571
gene_3966	2659.4
gene_3967	2561.5
gene_3968	1914
gene_3969	772.6207
gene_3970	4002
gene_3971	1442
gene_3972	3279.25
gene_3973	1130
gene_3974	2032.5
gene_3975	1406.385
gene_3976	1400.875
gene_3977	1499.5
gene_3978	1390.714
gene_3979	919.6
gene_3980	1110.833
gene_3981	1986
gene_3982	1447.5
gene_3983	4857.25
gene_3984	1860.333
gene_3985	847
gene_3986	1243
gene_3987	3811
gene_3988	4116.333
gene_3989	4325.5
gene_3990	1306
gene_3991	1705.75
gene_3992	1149.737
gene_3993	1983.2
gene_3994	369
gene_3995	971.5429
gene_3996	1348.857
gene_3997	2535
gene_3998	1223
gene_3999	1360.778
gene_4000	524
gene_4001	1684
gene_4002	2140.333
gene_4003	1272.5
gene_4004	1666
gene_4005	1688.333
gene_4006	1466.737
gene_4007	1419.167
gene_4008	1024.962
gene_4009	1504.833
gene_4010	1187.4
gene_4011	3493.833
gene_4012	2562
gene_4013	497
gene_4014	685.6667
gene_4015	1669.938
gene_4016	1128.067
gene_4017	1380.857
gene_4018	1417.2
gene_4019	1875.5
gene_4020	1462.5
gene_4021	1424.5
gene_4022	2419
gene_4023	5060
gene_4024	1205.846
gene_4025	770.5
gene_4026	1257.5
gene_4027	1153.5
gene_4028	1323.875
gene_4029	1208.4
gene_4030	2114.667
gene_4031	2214
gene_4032	1520.667
gene_4033	2052.667
gene_4034	3582
gene_4035	2392.8
gene_4036	1073.85
gene_4037	469.5
gene_4038	1659.667
gene_4039	669.5
gene_4040	2281.2
gene_4041	211
gene_4042	561.8
gene_4043	997
gene_4044	2568.333
gene_4045	2906
gene_4046	739
gene_4047	1058.333
gene_4048	4831
gene_4049	3566.875
gene_4050	1131.5
gene_4051	448.25
gene_4052	393
gene_4053	4104.167
gene_4054	1984
gene_4055	1102.077
gene_4056	892.4
gene_4057	1215.75
gene_4058	659
gene_4059	972.5455
gene_4060	1502.667
gene_4061	2765.375
gene_4062	1258
gene_4063	1755.5
gene_4064	1186.6
gene_4065	1122.714
gene_4066	3530
gene_4067	1119.909
gene_4068	1117.214
gene_4069	1930
gene_4070	1328.4
gene_4071	4735.222
gene_4072	385
gene_4073	3907
gene_4074	1519.75
gene_4075	820.5
gene_4076	2469.6
gene_4077	1956.692
gene_4078	1130.333
gene_4079	1977
gene_4080	932.6667
gene_4081	2990.75
gene_4082	1744
gene_4083	782.5
gene_4084	2016.111
gene_4085	1808.5
gene_4086	1219.529
gene_4087	1140.647
gene_4088	1587.857
gene_4089	842.6
gene_4090	1267.333
gene_4091	884.5
gene_4092	1320.333
gene_4093	940.2143
gene_4094	1980
gene_4095	1246.333
gene_4096	2761.667
gene_4097	1012.714
gene_4098	1203
gene_4099	1685
gene_4100	1234.4
gene_4101	2344.4
gene_4102	1896.8
gene_4103	2584.625
gene_4104	2101.375
gene_4105	1520.833
gene_4106	4713
gene_4107	1050.25
gene_4108	1174.684
gene_4109	1944.25
gene_4110	845.5
gene_4111	1410.714
gene_4112	955.5
gene_4113	1614.286
gene_4114	1195.538
gene_4115	1260
gene_4116	1819.6
gene_4117	2293.5
gene_4118	4063.5
gene_4119	1508.067
gene_4120	2774.364
gene_4121	2059
gene_4122	1283.6
gene_4123	954
gene_4124	1135.923
gene_4125	1347.652
gene_4126	1794.286
gene_4127	1142.667
gene_4128	4633.667
gene_4129	444
gene_4130	1417.857
gene_4131	1935.5
gene_4132	5662
gene_4133	2186
gene_4134	1887
gene_4135	1724.533
gene_4136	2451.625
gene_4137	1313.571
gene_4138	1040
gene_4139	1300.154
gene_4140	2092.091
gene_4141	2303.143
gene_4142	2437.75
gene_4143	4043.667
gene_4144	4754
gene_4145	1882.75
gene_4146	1255.895
gene_4147	2020.125
gene_4148	1188.25
gene_4149	2163
gene_4150	3321.5
gene_4151	1282.667
gene_4152	3032.875
gene_4153	1096.037
gene_4154	1794.471
gene_4155	2135.6
gene_4156	4592.8
gene_4157	1888.889
gene_4158	1971
gene_4159	782.3333
gene_4160	871
gene_4161	1201
gene_4162	2830
gene_4163	699.5
gene_4164	1345.5
gene_4165	832.7778
gene_4166	4175.25
gene_4167	1329
gene_4168	2174
gene_4169	1202.933
gene_4170	1473.75
gene_4171	1849.269
gene_4172	668.5
gene_4173	1506.2
gene_4174	861
gene_4175	1842.833
gene_4176	2838
gene_4177	1788
gene_4178	1259.2
gene_4179	3952.444
gene_4180	3374.556
gene_4181	682
gene_4182	1267.875
gene_4183	793.4
gene_4184	1790.429
gene_4185	3627
gene_4186	2151.714
gene_4187	1418.5
gene_4188	1048.222
gene_4189	3220.273
gene_4190	3122
gene_4191	1100.375
gene_4192	1102.4
gene_4193	1273.947
gene_4194	1564.111
gene_4195	1110.538
gene_4196	1069.2
gene_4197	2086.312
gene_4198	1386
gene_4199	2622
gene_4200	392
gene_4201	658
gene_4202	2381
gene_4203	1382.667
gene_4204	1226.875
gene_4205	926
gene_4206	1038.625
gene_4207	1696.429
gene_4208	837.25
gene_4209	1560.074
gene_4210	2889.889
gene_4211	673.5
gene_4212	1060
gene_4213	1264.636
gene_4214	2638.071
gene_4215	1269
gene_4216	998.5714
gene_4217	881
gene_4218	1204
gene_4219	1061.4
gene_4220	2284
gene_4221	1456
gene_4222	4251
gene_4223	1958.5
gene_4224	2680.625
gene_4225	2283.75
gene_4226	992.9231
gene_4227	4343.333
gene_4228	1153.9
gene_4229	1881.375
gene_4230	1284.357
gene_4231	1539
gene_4232	1224.6
gene_4233	1434.438
gene_4234	2559
gene_4235	1526
gene_4236	1886.333
gene_4237	2844.769
gene_4238	1086.5
gene_4239	2497.6
gene_4240	1852.923
gene_4241	2218.5
gene_4242	1545
gene_4243	2955.6
gene_4244	1608.333
gene_4245	1054.036
gene_4246	1153.6
gene_4247	2796.9
gene_4248	2841.6
gene_4249	1426.143
gene_4250	1167.7
gene_4251	618.75
gene_4252	1708
gene_4253	1547.375
gene_4254	2503.5
gene_4255	2836.333
gene_4256	1925
gene_4257	4491.667
gene_4258	1426.522
gene_4259	1497.714
gene_4260	1460.5
gene_4261	1709.917
gene_4262	2813.882
gene_4263	3947
gene_4264	1052
gene_4265	1146.909
gene_4266	3792
gene_4267	5967.5
gene_4268	1368.5
gene_4269	3204.28
gene_4270	901
gene_4271	1280.3
gene_4272	1407
gene_4273	5125.5
gene_4274	1958.75
gene_4275	690.3333
gene_4276	2132.75
gene_4277	1641.929
gene_4278	1780.615
gene_4279	1408
gene_4280	1498
gene_4281	1133.833
gene_4282	2525.154
gene_4283	1377.846
gene_4284	1418
gene_4285	2229.522
gene_4286	1518
gene_4287	10118
gene_4288	4261
gene_4289	879
gene_4290	932
gene_4291	2841.667
gene_4292	1485.5
gene_4293	2538.8
gene_4294	2628.8
gene_4295	19641
gene_4296	3189.688
gene_4297	356
gene_4298	2134.333
gene_4299	1726.6
gene_4300	3009.667
gene_4301	1826.688
gene_4302	790.8333
gene_4303	5630
gene_4304	1225
gene_4305	1585.273
gene_4306	2058
gene_4307	1042.429
gene_4308	1730
gene_4309	2036
gene_4310	1198.167
gene_4311	861
gene_4312	1189.571
gene_4313	1840.5
gene_4314	692
gene_4315	5121
gene_4316	1942.312
gene_4317	1233.267
gene_4318	908.4
gene_4319	850
gene_4320	2506.5
gene_4321	1265.167
gene_4322	1254.294
gene_4323	2524.333
gene_4324	2221
gene_4325	1522.385
gene_4326	914.3333
gene_4327	1684.4
gene_4328	3386
gene_4329	862
gene_4330	1426.833
gene_4331	2595
gene_4332	1324.923
gene_4333	1995.429
gene_4334	8773.333
gene_4335	1157.545
gene_4336	1201.5
gene_4337	2358.333
gene_4338	941
gene_4339	1696.5
gene_4340	1087
gene_4341	1459
gene_4342	1941
gene_4343	2858
gene_4344	1794.143
gene_4345	1795
gene_4346	2031.225
gene_4347	2784.125
gene_4348	1303.2
gene_4349	1134
gene_4350	1230.7
gene_4351	1868
gene_4352	1063.818
gene_4353	2147
gene_4354	2709.667
gene_4355	901.6
gene_4356	3196.6
gene_4357	1425.9
gene_4358	1558
gene_4359	2555.091
gene_4360	807
gene_4361	2003
gene_4362	4042.875
gene_4363	1960.1
gene_4364	929
gene_4365	2000.333
gene_4366	1722.889
gene_4367	1052.857
gene_4368	2046.5
gene_4369	904.25
gene_4370	1841
gene_4371	1302.118
gene_4372	1584
gene_4373	2156
gene_4374	1169.176
gene_4375	1124.211
gene_4376	587.5
gene_4377	1659.1
gene_4378	1023.5
gene_4379	4291
gene_4380	1722.75
gene_4381	525
gene_4382	2985
gene_4383	1978
gene_4384	3778
gene_4385	1238
gene_4386	1516.75
gene_4387	981.8333
gene_4388	683
gene_4389	2418.833
gene_4390	2406.4
gene_4391	1767.6
gene_4392	3488
gene_4393	1132.722
gene_4394	1442.917
gene_4395	1312.645
gene_4396	4707
gene_4397	1478.5
gene_4398	1325.667
gene_4399	5373
gene_4400	1710.667
gene_4401	1879.8
gene_4402	1967.333
gene_4403	4500.818
gene_4404	995
gene_4405	1722.286
gene_4406	748
gene_4407	1161.5
gene_4408	1674
gene_4409	1666.143
gene_4410	891.75
gene_4411	2113.647
gene_4412	1282.4
gene_4413	844
gene_4414	6498.5
gene_4415	869
gene_4416	1108.875
gene_4417	410
gene_4418	2793
gene_4419	1226
gene_4420	1807.182
gene_4421	1646.625
gene_4422	4358
gene_4423	1725.5
gene_4424	2171.273
gene_4425	1993
gene_4426	1076
gene_4427	526.6
gene_4428	922.7143
gene_4429	2709.333
gene_4430	4108
gene_4431	1666
gene_4432	948.4444
gene_4433	900.375
gene_4434	915.6429
gene_4435	1140.55
gene_4436	2090
gene_4437	788.6667
gene_4438	870.3636
gene_4439	1418.4
gene_4440	1130.375
gene_4441	1906.222
gene_4442	1972.625
gene_4443	774
gene_4444	2921.5
gene_4445	2266.5
gene_4446	835.6667
gene_4447	3017.286
gene_4448	1665.2
gene_4449	3310
gene_4450	3826
gene_4451	2213.929
gene_4452	3382.5
gene_4453	1436.6
gene_4454	1838.6
gene_4455	1656.6
gene_4456	1712.5
gene_4457	2408.5
gene_4458	1292.235
gene_4459	2135.333
gene_4460	1445.571
gene_4461	1115.571
gene_4462	2211.583
gene_4463	1665
gene_4464	3756
gene_4465	2145.75
gene_4466	1658.545
gene_4467	1536.2
gene_4468	459.8
gene_4469	3210.7
gene_4470	2565.6
gene_4471	1126.625
gene_4472	3575
gene_4473	2869
gene_4474	1526.5
gene_4475	562
gene_4476	1679
gene_4477	3807
gene_4478	2745.5
gene_4479	1150
gene_4480	1358.889
gene_4481	1763.2
gene_4482	1620.154
gene_4483	5454.857
gene_4484	1077.091
gene_4485	2115.222
gene_4486	1300.333
gene_4487	1524.667
gene_4488	2176.833
gene_4489	1584.25
gene_4490	2050.545
gene_4491	1154.875
gene_4492	1499.188
gene_4493	1677
gene_4494	1309.5
gene_4495	5037.333
gene_4496	1311
gene_4497	2158
gene_4498	1767.667
gene_4499	1169.727
gene_4500	3360.889
gene_4501	2397.667
gene_4502	3260.571
gene_4503	3218
gene_4504	1163
gene_4505	1420.375
gene_4506	727.9231
gene_4507	3107.5
gene_4508	1182.5
gene_4509	2828
gene_4510	1673.533
gene_4511	1181.417
gene_4512	1280.067
gene_4513	2796
gene_4514	450
gene_4515	774.8
gene_4516	1091.316
gene_4517	1144.385
gene_4518	1433
gene_4519	1284.941
gene_4520	1894.778
gene_4521	2390.25
gene_4522	3522.5
gene_4523	9048
gene_4524	1365.667
gene_4525	3071
gene_4526	872
gene_4527	1660.8
gene_4528	874.6
gene_4529	786.375
gene_4530	464.3333
gene_4531	3157
gene_4532	1291.4
gene_4533	1466.846
gene_4534	1778.75
gene_4535	2264
gene_4536	3011.5
gene_4537	2165.667
gene_4538	2345.667
gene_4539	1250
gene_4540	2253.5
gene_4541	1291.5
gene_4542	5795
gene_4543	2601.667
gene_4544	8152.5
gene_4545	696
gene_4546	917
gene_4547	965
gene_4548	4954
gene_4549	699.6
gene_4550	781.25
gene_4551	9669.5
gene_4552	1340.867
gene_4553	2954
gene_4554	2844.333
gene_4555	2104
gene_4556	1795.75
gene_4557	767.5
gene_4558	703.6
gene_4559	3070
gene_4560	2093.429
gene_4561	1733.857
gene_4562	7055
gene_4563	1397.15
gene_4564	1456
gene_4565	617
gene_4566	1688
gene_4567	1534.5
gene_4568	1764
gene_4569	1366.667
gene_4570	1659.857
gene_4571	1008.75
gene_4572	2127.7
gene_4573	1389.8
gene_4574	530
gene_4575	1054.083
gene_4576	1366.857
gene_4577	1209.111
gene_4578	1098.375
gene_4579	1484.083
gene_4580	855.5833
gene_4581	1260.75
gene_4582	1104
gene_4583	1237.778
gene_4584	1104.615
gene_4585	2641
gene_4586	1158.286
gene_4587	1778.5
gene_4588	1851.8
gene_4589	1447.5
gene_4590	2105
gene_4591	1638.929
gene_4592	5701
gene_4593	1212.25
gene_4594	1525.2
gene_4595	1515.778
gene_4596	2539.286
gene_4597	865.8205
gene_4598	1913.818
gene_4599	1861.227
gene_4600	1081.667
gene_4601	4685.5
gene_4602	2258
gene_4603	2212.429
gene_4604	938
gene_4605	1145.889
gene_4606	2636.286
gene_4607	1442
gene_4608	1418.467
gene_4609	1377.692
gene_4610	2157
gene_4611	1057.429
gene_4612	1276
gene_4613	613.5
gene_4614	1709
gene_4615	680.25
gene_4616	4818
gene_4617	2409
gene_4618	1349.833
gene_4619	1876.333
gene_4620	662.6667
gene_4621	1456
gene_4622	5144
gene_4623	883
gene_4624	2044.4
gene_4625	1976.857
gene_4626	3201.786
gene_4627	1443.6
gene_4628	2336
gene_4629	1192.611
gene_4630	2491
gene_4631	410
gene_4632	2038
gene_4633	563
gene_4634	1113.2
gene_4635	1819.833
gene_4636	1253.25
gene_4637	871.4286
gene_4638	863
gene_4639	817.75
gene_4640	1548.9
gene_4641	5412.5
gene_4642	1529
gene_4643	1342
gene_4644	1628.25
gene_4645	1903
gene_4646	1199
gene_4647	2622.667
gene_4648	1069.474
gene_4649	2713.333
gene_4650	1500.6
gene_4651	2791
gene_4652	1879
gene_4653	5813
gene_4654	1381
gene_4655	987.5
gene_4656	1841.375
gene_4657	1380
gene_4658	1310
gene_4659	1534.909
gene_4660	1365.333
gene_4661	4259
gene_4662	1010.8
gene_4663	3048
gene_4664	1637.667
gene_4665	1477.417
gene_4666	1040
gene_4667	1512.857
gene_4668	1612.667
gene_4669	2948
gene_4670	1926.4
gene_4671	1195.125
gene_4672	1705.4
gene_4673	1400.4
gene_4674	1379.429
gene_4675	518
gene_4676	437
gene_4677	2077.1
gene_4678	1415.333
gene_4679	1524
gene_4680	2015
gene_4681	3303.25
gene_4682	2466
gene_4683	1728.375
gene_4684	2807.75
gene_4685	2340
gene_4686	1502.944
gene_4687	1455
gene_4688	1203
gene_4689	1842.333
gene_4690	1390.333
gene_4691	1773.5
gene_4692	1461.667
gene_4693	2481
gene_4694	2470.333
gene_4695	1140.4
gene_4696	1548.091
gene_4697	1886
gene_4698	1209.471
gene_4699	1986.167
gene_4700	7291
gene_4701	2475.429
gene_4702	1741.333
gene_4703	1388.643
gene_4704	929
gene_4705	1609.769
gene_4706	1641.786
gene_4707	3473.333
gene_4708	1165.333
gene_4709	1647.2
gene_4710	1474
gene_4711	2753
gene_4712	1158.571
gene_4713	2031.857
gene_4714	4518.4
gene_4715	1993.267
gene_4716	2428
gene_4717	1489
gene_4718	2020.167
gene_4719	1506.3
gene_4720	1112.1
gene_4721	2259.4
gene_4722	1577.25
gene_4723	3285.5
gene_4724	1263.083
gene_4725	1017
gene_4726	1007.857
gene_4727	1329.667
gene_4728	1802
gene_4729	1085.438
gene_4730	2435
gene_4731	40796.35
gene_4732	1554.429
gene_4733	1535.667
gene_4734	849.5
gene_4735	2373.5
gene_4736	1225.25
gene_4737	3821
gene_4738	2619.25
gene_4739	1798.25
gene_4740	1318
gene_4741	1691
gene_4742	497.6
gene_4743	1824
gene_4744	1486
gene_4745	943.5556
gene_4746	2381.235
gene_4747	1876.333
gene_4748	886.1818
gene_4749	763.7857
gene_4750	1987.167
gene_4751	1248.394
gene_4752	891.3077
gene_4753	1208.333
gene_4754	2144.6
gene_4755	1048.833
gene_4756	1244.6
gene_4757	3059.143
gene_4758	1174.964
gene_4759	1252.9
gene_4760	1796.182
gene_4761	1212
gene_4762	948.1429
gene_4763	1636.75
gene_4764	1150.333
gene_4765	773.5
gene_4766	1520.286
gene_4767	705
gene_4768	1485.6
gene_4769	1120.286
gene_4770	1849.692
gene_4771	1272.6
gene_4772	690.5
gene_4773	843.7083
gene_4774	1780
gene_4775	1186.667
gene_4776	1529.909
gene_4777	1088.25
gene_4778	2751.944
gene_4779	1702
gene_4780	829.2857
gene_4781	576
gene_4782	1336.333
gene_4783	662
gene_4784	945.3333
gene_4785	1915
gene_4786	1163
gene_4787	1107
gene_4788	2535.2
gene_4789	1010.833
gene_4790	4231.8
gene_4791	1472.8
gene_4792	2377
gene_4793	831
gene_4794	1166.5
gene_4795	1286
gene_4796	887.1
gene_4797	550.5714
gene_4798	1981
gene_4799	2529.545
gene_4800	1188.833
gene_4801	1048
gene_4802	3727.8
gene_4803	1214.714
gene_4804	2656.333
gene_4805	1458.111
gene_4806	599.5
gene_4807	1230.278
gene_4808	1485
gene_4809	1556.267
gene_4810	1255
gene_4811	1826
gene_4812	1880.207
gene_4813	731.6667
gene_4814	906.1333
gene_4815	1384.667
gene_4816	2655.769
gene_4817	601
gene_4818	2430.375
gene_4819	1141
gene_4820	732.125
gene_4821	8376.5
gene_4822	1842
gene_4823	1260
gene_4824	1823.75
gene_4825	1915.625
gene_4826	1538.545
gene_4827	1722
gene_4828	383
gene_4829	1593
gene_4830	1104.111
gene_4831	1883.4
gene_4832	935
gene_4833	884.0909
gene_4834	1428
gene_4835	1074.222
gene_4836	1763
gene_4837	1460.235
gene_4838	1771.919
gene_4839	1481
gene_4840	3748
gene_4841	1046.75
gene_4842	2776
gene_4843	2036.1
gene_4844	2209.417
gene_4845	3487.211
gene_4846	4477.5
gene_4847	408
gene_4848	1229.308
gene_4849	955.3333
gene_4850	1123.583
gene_4851	699.5
gene_4852	913.625
gene_4853	1682
gene_4854	1146.5
gene_4855	3821.5
gene_4856	8092.4
gene_4857	1160.625
gene_4858	1127.5
gene_4859	697
gene_4860	725.75
gene_4861	2149
gene_4862	1948.778
gene_4863	1929.4
gene_4864	574
gene_4865	892
gene_4866	1533
gene_4867	1364
gene_4868	1123.636
gene_4869	1922.667
gene_4870	1520.625
gene_4871	4682.333
gene_4872	1042
gene_4873	868.4444
gene_4874	1480.471
gene_4875	70
gene_4876	1024.2
gene_4877	1249.077
gene_4878	1291.154
gene_4879	2673.133
gene_4880	1712.25
gene_4881	2165.75
gene_4882	894
gene_4883	936
gene_4884	1158.121
gene_4885	1198.333
gene_4886	1652.571
gene_4887	1801
gene_4888	713
gene_4889	1214
gene_4890	2074.353
gene_4891	1639.714
gene_4892	1784
gene_4893	1156.913
gene_4894	970.8182
gene_4895	894.875
gene_4896	1028.25
gene_4897	929
gene_4898	2610
gene_4899	1353.4
gene_4900	2092
gene_4901	6001
gene_4902	2384.2
gene_4903	1535
gene_4904	1468.909
gene_4905	1523
gene_4906	2881.5
gene_4907	1534.167
gene_4908	1469
gene_4909	1166
gene_4910	818.6429
gene_4911	1036
gene_4912	1397
gene_4913	904
gene_4914	1780.5
gene_4915	3546.5
gene_4916	1469.667
gene_4917	1506.467
gene_4918	5956.333
gene_4919	1914.833
gene_4920	3471
gene_4921	1038
gene_4922	1198.15
gene_4923	562.8571
gene_4924	1070
gene_4925	4141.25
gene_4926	573.5
gene_4927	644.1
gene_4928	940.7727
gene_4929	2088.455
gene_4930	2547
gene_4931	1848.75
gene_4932	1474
gene_4933	7020.667
gene_4934	1001.062
gene_4935	1599.6
gene_4936	1336.667
gene_4937	1920.75
gene_4938	1029
gene_4939	2473.667
gene_4940	1058.286
gene_4941	1464.5
gene_4942	1104.333
gene_4943	564.5
gene_4944	2790
gene_4945	1094.143
gene_4946	13239.5
gene_4947	1454
gene_4948	1259
gene_4949	1190.357
gene_4950	808
gene_4951	2070.053
gene_4952	2990
gene_4953	1096.5
gene_4954	2123.5
gene_4955	4428
gene_4956	1453.1
gene_4957	1453
gene_4958	1428
gene_4959	7810
gene_4960	1253.625
gene_4961	933.6667
gene_4962	2418.25
gene_4963	843.2857
gene_4964	2644.706
gene_4965	641
gene_4966	1253.857
gene_4967	1823.706
gene_4968	576.5
gene_4969	1585.35
gene_4970	1712.444
gene_4971	1433.5
gene_4972	649.8333
gene_4973	1959.667
gene_4974	946.5625
gene_4975	1569.8
gene_4976	1413.353
gene_4977	3105
gene_4978	1269.667
gene_4979	4255.333
gene_4980	2826
gene_4981	846.9167
gene_4982	943.9231
gene_4983	2948
gene_4984	1634.353
gene_4985	723.7778
gene_4986	1675
gene_4987	691.6667
gene_4988	984.9286
gene_4989	1885
gene_4990	785.4444
gene_4991	3036
gene_4992	1027.333
gene_4993	4315
gene_4994	1050.667
gene_4995	1723.333
gene_4996	3177.692
gene_4997	1212.833
gene_4998	3920
gene_4999	788
gene_5000	764.5217
